-- phpMyAdmin SQL Dump
-- version 4.0.10deb1
-- http://www.phpmyadmin.net
--
-- Host: localhost
-- Generation Time: Nov 29, 2016 at 11:49 PM
-- Server version: 5.5.40-0ubuntu0.14.04.1
-- PHP Version: 5.5.9-1ubuntu4.14

SET SQL_MODE = "NO_AUTO_VALUE_ON_ZERO";
SET time_zone = "+00:00";


/*!40101 SET @OLD_CHARACTER_SET_CLIENT=@@CHARACTER_SET_CLIENT */;
/*!40101 SET @OLD_CHARACTER_SET_RESULTS=@@CHARACTER_SET_RESULTS */;
/*!40101 SET @OLD_COLLATION_CONNECTION=@@COLLATION_CONNECTION */;
/*!40101 SET NAMES utf8 */;

--
-- Database: `bsn_repo`
--

-- --------------------------------------------------------

--
-- Table structure for table `actions`
--

CREATE TABLE IF NOT EXISTS `actions` (
  `id` int(10) unsigned NOT NULL AUTO_INCREMENT,
  `title` varchar(255) COLLATE utf8_unicode_ci NOT NULL,
  `slug` varchar(255) COLLATE utf8_unicode_ci NOT NULL,
  `created_at` timestamp NULL DEFAULT NULL,
  `updated_at` timestamp NULL DEFAULT NULL,
  PRIMARY KEY (`id`),
  KEY `actions_slug_index` (`slug`)
) ENGINE=InnoDB  DEFAULT CHARSET=utf8 COLLATE=utf8_unicode_ci AUTO_INCREMENT=9 ;

--
-- Dumping data for table `actions`
--

INSERT INTO `actions` (`id`, `title`, `slug`, `created_at`, `updated_at`) VALUES
(2, 'Index', 'index', '2016-03-22 01:52:09', '2016-03-22 01:52:09'),
(3, 'Delete', 'delete', '2016-03-22 01:52:20', '2016-03-22 01:52:20'),
(4, 'Update', 'update', '2016-03-22 01:52:32', '2016-03-22 01:52:32'),
(5, 'View', 'view', '2016-03-22 01:52:43', '2016-03-22 01:52:43'),
(6, 'Create', 'create', '2016-03-22 01:52:49', '2016-03-22 01:52:49'),
(8, 'Publish UnPublish', 'publish', '2016-03-23 05:43:26', '2016-03-23 05:43:26');

-- --------------------------------------------------------

--
-- Table structure for table `additional_datas`
--

CREATE TABLE IF NOT EXISTS `additional_datas` (
  `id` int(10) unsigned NOT NULL AUTO_INCREMENT,
  `article_content_id` int(11) NOT NULL DEFAULT '0',
  `title` varchar(255) COLLATE utf8_unicode_ci NOT NULL,
  `slug` varchar(255) COLLATE utf8_unicode_ci NOT NULL,
  `year` varchar(255) COLLATE utf8_unicode_ci NOT NULL,
  `file` varchar(255) COLLATE utf8_unicode_ci NOT NULL,
  `availability` enum('softcopy','hardcopy') COLLATE utf8_unicode_ci NOT NULL,
  `format` varchar(255) COLLATE utf8_unicode_ci NOT NULL,
  `other_id` int(11) NOT NULL DEFAULT '0',
  `type` enum('penelitian','publikasi') COLLATE utf8_unicode_ci NOT NULL,
  `status` enum('publish','unpublish') COLLATE utf8_unicode_ci NOT NULL DEFAULT 'unpublish',
  `created_at` timestamp NULL DEFAULT NULL,
  `updated_at` timestamp NULL DEFAULT NULL,
  PRIMARY KEY (`id`)
) ENGINE=InnoDB  DEFAULT CHARSET=utf8 COLLATE=utf8_unicode_ci AUTO_INCREMENT=125 ;

--
-- Dumping data for table `additional_datas`
--

INSERT INTO `additional_datas` (`id`, `article_content_id`, `title`, `slug`, `year`, `file`, `availability`, `format`, `other_id`, `type`, `status`, `created_at`, `updated_at`) VALUES
(113, 144, 'Statistik Industri Besar dan Sedang 2002 Vol. III (BPS)', 'statistik-industri-besar-dan-sedang-2002-vol-iii-bps', '200', 'LoremIpsum_LoremIpsum.JPG', 'softcopy', 'PDF', 0, 'penelitian', 'unpublish', '2016-11-25 17:09:05', '2016-11-25 17:09:05'),
(114, 145, 'Statistik Industri Besar dan Sedang 2003 Vol. III (BPS)', 'statistik-industri-besar-dan-sedang-2003-vol-iii-bps', '2003', 'LoremIpsum_LoremIpsum.JPG', 'softcopy', 'PDF', 0, 'penelitian', 'unpublish', '2016-11-25 17:09:05', '2016-11-25 17:09:05'),
(115, 146, 'Statistik Industri Besar dan Sedang 2004 Vol. III (BPS)', 'statistik-industri-besar-dan-sedang-2004-vol-iii-bps', '2004', 'LoremIpsum_LoremIpsum.JPG', 'softcopy', 'PDF', 0, 'penelitian', 'unpublish', '2016-11-25 17:09:05', '2016-11-25 17:09:05'),
(116, 147, 'Statistik Industri Besar dan Sedang 2005 Vol. III (BPS)', 'statistik-industri-besar-dan-sedang-2005-vol-iii-bps', '2005', 'LoremIpsum_LoremIpsum.JPG', 'softcopy', 'PDF', 0, 'penelitian', 'unpublish', '2016-11-25 17:09:05', '2016-11-25 17:09:05'),
(117, 148, 'Statistik Industri Besar dan Sedang 2006 Vol. III (BPS)', 'statistik-industri-besar-dan-sedang-2006-vol-iii-bps', '2006', 'LoremIpsum_LoremIpsum.JPG', 'softcopy', 'PDF', 0, 'penelitian', 'unpublish', '2016-11-25 17:09:06', '2016-11-25 17:09:06'),
(118, 149, 'Statistik Industri Besar dan Sedang 2007 Vol. III (BPS)', 'statistik-industri-besar-dan-sedang-2007-vol-iii-bps', '2007', 'LoremIpsum_LoremIpsum.JPG', 'softcopy', 'PDF', 0, 'penelitian', 'unpublish', '2016-11-25 17:09:06', '2016-11-25 17:09:06'),
(119, 150, 'Statistik Industri Besar dan Sedang 2008 (BPS)', 'statistik-industri-besar-dan-sedang-2008-bps', '2008', 'LoremIpsum_LoremIpsum.JPG', 'softcopy', 'PDF', 0, 'penelitian', 'unpublish', '2016-11-25 17:09:06', '2016-11-25 17:09:06'),
(120, 151, 'Statistik Industri Besar dan Sedang 2009 (BPS)', 'statistik-industri-besar-dan-sedang-2009-bps', '2009', 'LoremIpsum_LoremIpsum.JPG', 'softcopy', 'PDF', 0, 'penelitian', 'unpublish', '2016-11-25 17:09:06', '2016-11-25 17:09:06'),
(121, 152, 'Statistik Industri Besar dan Sedang Produksi 2010 (BPS)', 'statistik-industri-besar-dan-sedang-produksi-2010-bps', '2010', 'LoremIpsum_LoremIpsum.JPG', 'softcopy', 'PDF', 0, 'penelitian', 'unpublish', '2016-11-25 17:09:06', '2016-11-25 17:09:06'),
(122, 153, 'Statistik Industri Manufaktur 2011 (BPS)', 'statistik-industri-manufaktur-2011-bps', '2011', 'LoremIpsum_LoremIpsum.JPG', 'softcopy', 'PDF', 0, 'penelitian', 'unpublish', '2016-11-25 17:09:06', '2016-11-25 17:09:06'),
(123, 154, 'Statistik Industri Manufaktur 2012 (BPS)', 'statistik-industri-manufaktur-2012-bps', '2012', 'LoremIpsum_LoremIpsum.JPG', 'softcopy', 'PDF', 0, 'penelitian', 'unpublish', '2016-11-25 17:09:06', '2016-11-25 17:09:06'),
(124, 155, 'Klasifikasi Baku Lapangan Usaha Indonesia 2009 (BPS)', 'klasifikasi-baku-lapangan-usaha-indonesia-2009-bps', '2009', 'LoremIpsum_LoremIpsum.JPG', 'softcopy', 'PDF', 0, 'penelitian', 'publish', '2016-11-25 17:09:06', '2016-11-26 03:01:15');

-- --------------------------------------------------------

--
-- Table structure for table `article_contents`
--

CREATE TABLE IF NOT EXISTS `article_contents` (
  `id` int(10) unsigned NOT NULL AUTO_INCREMENT,
  `slug` varchar(255) COLLATE utf8_unicode_ci NOT NULL,
  `title` varchar(255) COLLATE utf8_unicode_ci NOT NULL,
  `intro` text COLLATE utf8_unicode_ci NOT NULL,
  `description` text COLLATE utf8_unicode_ci NOT NULL,
  `image` varchar(255) COLLATE utf8_unicode_ci NOT NULL,
  `category` enum('penelitian','publikasi','pendukung') COLLATE utf8_unicode_ci DEFAULT NULL,
  `author_id` int(10) unsigned NOT NULL,
  `year` varchar(255) COLLATE utf8_unicode_ci NOT NULL,
  `views` int(11) NOT NULL,
  `status` enum('publish','unpublish') COLLATE utf8_unicode_ci NOT NULL DEFAULT 'publish',
  `created_at` timestamp NULL DEFAULT NULL,
  `updated_at` timestamp NULL DEFAULT NULL,
  `deleted_at` timestamp NULL DEFAULT NULL,
  PRIMARY KEY (`id`),
  KEY `article_contents_author_id_foreign` (`author_id`)
) ENGINE=InnoDB  DEFAULT CHARSET=utf8 COLLATE=utf8_unicode_ci AUTO_INCREMENT=164 ;

--
-- Dumping data for table `article_contents`
--

INSERT INTO `article_contents` (`id`, `slug`, `title`, `intro`, `description`, `image`, `category`, `author_id`, `year`, `views`, `status`, `created_at`, `updated_at`, `deleted_at`) VALUES
(144, 'statistik-industri-besar-dan-sedang-2002-vol-iii-bps', 'Statistik Industri Besar dan Sedang 2002 Vol. III (BPS)', '', '', '', 'pendukung', 6, '200', 0, 'unpublish', '2016-11-25 17:09:05', '2016-11-25 17:09:05', NULL),
(145, 'statistik-industri-besar-dan-sedang-2003-vol-iii-bps', 'Statistik Industri Besar dan Sedang 2003 Vol. III (BPS)', '', '', '', 'pendukung', 6, '2003', 0, 'unpublish', '2016-11-25 17:09:05', '2016-11-25 17:09:05', NULL),
(146, 'statistik-industri-besar-dan-sedang-2004-vol-iii-bps', 'Statistik Industri Besar dan Sedang 2004 Vol. III (BPS)', '', '', '', 'pendukung', 6, '2004', 0, 'unpublish', '2016-11-25 17:09:05', '2016-11-25 17:09:05', NULL),
(147, 'statistik-industri-besar-dan-sedang-2005-vol-iii-bps', 'Statistik Industri Besar dan Sedang 2005 Vol. III (BPS)', '', '', '', 'pendukung', 6, '2005', 0, 'unpublish', '2016-11-25 17:09:05', '2016-11-25 17:09:05', NULL),
(148, 'statistik-industri-besar-dan-sedang-2006-vol-iii-bps', 'Statistik Industri Besar dan Sedang 2006 Vol. III (BPS)', '', '', '', 'pendukung', 6, '2006', 0, 'unpublish', '2016-11-25 17:09:06', '2016-11-25 17:09:06', NULL),
(149, 'statistik-industri-besar-dan-sedang-2007-vol-iii-bps', 'Statistik Industri Besar dan Sedang 2007 Vol. III (BPS)', '', '', '', 'pendukung', 6, '2007', 0, 'unpublish', '2016-11-25 17:09:06', '2016-11-25 17:09:06', NULL),
(150, 'statistik-industri-besar-dan-sedang-2008-bps', 'Statistik Industri Besar dan Sedang 2008 (BPS)', '', '', '', 'pendukung', 6, '2008', 0, 'unpublish', '2016-11-25 17:09:06', '2016-11-25 17:09:06', NULL),
(151, 'statistik-industri-besar-dan-sedang-2009-bps', 'Statistik Industri Besar dan Sedang 2009 (BPS)', '', '', '', 'pendukung', 6, '2009', 0, 'unpublish', '2016-11-25 17:09:06', '2016-11-25 17:09:06', NULL),
(152, 'statistik-industri-besar-dan-sedang-produksi-2010-bps', 'Statistik Industri Besar dan Sedang Produksi 2010 (BPS)', '', '', '', 'pendukung', 6, '2010', 0, 'unpublish', '2016-11-25 17:09:06', '2016-11-25 17:09:06', NULL),
(153, 'statistik-industri-manufaktur-2011-bps', 'Statistik Industri Manufaktur 2011 (BPS)', '', '', '', 'pendukung', 6, '2011', 0, 'unpublish', '2016-11-25 17:09:06', '2016-11-25 17:09:06', NULL),
(154, 'statistik-industri-manufaktur-2012-bps', 'Statistik Industri Manufaktur 2012 (BPS)', '', '', '', 'pendukung', 6, '2012', 0, 'unpublish', '2016-11-25 17:09:06', '2016-11-25 17:09:06', NULL),
(155, 'klasifikasi-baku-lapangan-usaha-indonesia-2009-bps', 'Klasifikasi Baku Lapangan Usaha Indonesia 2009 (BPS)', 'softcopy', '', '', 'pendukung', 6, '2009', 0, 'publish', '2016-11-25 17:09:06', '2016-11-26 03:01:15', NULL),
(156, 'dampak-pemberlakuan-sni-kelompok-mainan-anak-secara-wajib-pada-industri-dan-lpk-dan-penyusunan-kategori-sni-mainan-anak', 'Dampak Pemberlakuan SNI Kelompok Mainan Anak Secara Wajib pada Industri dan LPK, dan Penyusunan Kategori SNI Mainan Anak ', 'Penelitian ini bertujuan untuk menyusun suatu panduan informasi mengenai mainan anak dengan SNI dan standar terkait dalam rangka pelaksanaan penerapan SNI mainan anak secara wajib. Selain itu penelitian ini juga bertujuan untuk menganalisis dampak pemberlakuan SNI mainan anak secara wajib terhadap produsen, importir, distributor, LSPro dan laboratorium penguji. \n Panduan mainan anak disusun dengan maksud memberikan informasi kepada stakeholder mainan anak dan masyarakat umum (konsumen) mengenai batasan produk mainan anak yang masuk dalam persyaratan SNI produk mainan anak (SNI ISO 8124) secara wajib dan batasan produk mainan anak yang tidak masuk dalam kategori produk yang dipersyaratkan dalam standar tersebut serta sejumlah informasi penting lainnya terkait persyaratan SNI mainan anak dan beberapa persoalan definisi mainan anak. Adapun dalam analisis dampak digunakan sejumlah parameter atau variabel yang dianggap penting untuk perbaikan sebagai respon stakeholder dari kebijakan tersebut, yang meliputi: perubahan investasi, ekspansi pasar, harga jual produk, jumlah pemasok, harga bahan baku, biaya produksi, volume penjualan, pangsa pasar, jumlah pengaduan, permintaan sertifikasi/pengujian, lama waktu sertifikasi, biaya sertifikasi, perbedaan hasil uji, ketidakjelasan mengenai kelompok HS mainan. Setiap parameter tersebut dipotret sebagai suatu yang meningkat (naik), menurun (turun) atau konstan (tetap) bagi stakeholder. \n Hasilnya menunjukkan bahwa bagi industri, importir dan distributor pemberlakuan SNI mainan anak secara wajib berdampak pada peningkatan harga jual produk yang disebabkan oleh adanya biaya sertifikasi mainan anak. Selain itu juga kebijakan ini juga berdampak pada penurunan volume penjualan. Hal ini mungkin disebabkan oleh peningkatan harga jual produk mainan anak, yang kemudian berimplikasi pada penurunan daya beli masyarakat. Daya beli masyarakat yang menurun akan berdampak penurunan volume penjualan mainan anak oleh produsen, importir dan distributor. Namun peningkatan harga jual produk mainan anak terjadi sebagai akibat pelemahan nilai rupiah (nilai tukar US$ naik di tahun 2015) terhadap dollar, sehingga diakui sedikit memperlambat mobilisasi impor mainan anak (kualitas medium ke atas). Akibatnya, mainan impor (kualitas medium ke bawah) menjadi preferensi konsumen terkhusus mainan anak kelompok “mainan lain-lain” karena lebih murah. Di sisi lain pemberlakuan SNI mainan anak secara wajib berdampak pada kecenderungan peningkatan jumlah modal (operasional) yang disebabkan adanya penambahan biaya untuk sertifikasi dan perubahan bahan baku akibat persyaratan SNI. Kebijakan ini juga berdampak pada ekspansi pasar produk mainan anak yang cenderung stagnan artinya industri merasakan tidak adanya perubahan pangsa pasar yang dimilikinya. Selain itu juga, kebijakan ini tidak memberikan dampak kenaikan yang signifikan terhadap jumlah pemasok, harga bahan baku, volume ekspor, dan jumlah pengaduan. \n Bagi importir dan distributor, daya saing produk mainan di pasar tetap tinggi karena meskipun daya beli pasar sedikit mengalami penurunan namun produk mainan impor masih menjadi minat masyarakat Indonesia. Karena komposisi sosial ekonomi masyarakat Indonesia adalah 39,6% kelas bawah dan 25,15% kelas menengah. Jika ditotal 64,75% merupakan kelas menengah-bawah. Masih rasional apabila mainan impor murah masih menjadi preferensi masyarakat. \nDari sudut pandang lain dapat disimpulkan bahwa pemberlakuan SNI mainan anak secara wajib menimbulkan sejumlah masalah terkait industri di lapangan yang harus dibenahi yaitu: metode pengambilan contoh, ketersediaan cat mainan anak sesuai SNI, masa sertifikasi yang membebani industri, biaya sertifikasi yang membebani UKM, adaptasi regulasi dengan UKM, inkonsistensi pelaporan hasil produksi, perubahan bahan baku yang menaikkan harga jual. \nBagi LSPro dan laboratorium uji, pemberlakuan SNI mainan anak secara wajib berdampak yang paling dominan adalah pada peningkatan perbedaaan hasil uji antar laboratorium yang diantaranya disebabkan belum adanya hasil uji profisiensi mainan anak. Secara umum kebijakan ini berdampak pada peningkatan permintaan sertifikasi/pengujian, peningkatan waktu sertifikasi, peningkatan biaya sertifikasi, peningkatan ketidakjelasan kategori mainan anak, peningkatan parameter tidak memenuhi hasil uji dan peningkatan jumlah pengaduan. Dari sudut pandang lain dapat disimpulkan bahwa pemberlakuan SNI mainan anak secara wajib menimbulkan sejumlah masalah terkait laboratorium uji yang belum ditunjuk atau diakreditasi KAN, pelabelan SNI yang beragam di lapangan, perbedaan hasil uji menimbulkan kerancuan hasil SHU, tanggungjawab LSPro terkait sertifikasi produk terurai, tanggungjawab BSN terhadap logo SNI dan belum adanya parameter pengujian LED dalam juknis. Peningkatan perbedaan hasil uji justru semakin tinggi dialami oleh LSPro dan laboratorium uji yang disebabkan oleh perbedaan SDM, metode uji, alat kalibrasi, dan belum adanya uji profisiensi.\nSejumlah rekomendasi terkait regulasi, juknis,  SNI dan instansi teknis diuraikan dalam penelitian ini (subbab 4.11).\n\n\nLorem Ipsum Lorem Ipsum Lorem Ipsum Lorem Ipsum Lorem Ipsum Lorem Ipsum Lorem Ipsum Lorem Ipsum Lorem Ipsum Lorem Ipsum Lorem Ipsum Lorem Ipsum Lorem Ipsum Lorem Ipsum Lorem Ipsum Lorem Ipsum Lorem Ipsum Lorem Ipsum Lorem Ipsum Lorem Ipsum Lorem Ipsum Lorem Ipsum Lorem Ipsum Lorem Ipsum Lorem Ipsum Lorem Ipsum Lorem Ipsum Lorem Ipsum Lorem Ipsum Lorem Ipsum ', 'Penelitian ini bertujuan untuk menyusun suatu panduan informasi mengenai mainan anak dengan SNI dan standar terkait dalam rangka pelaksanaan penerapan SNI mainan anak secara wajib. Selain itu penelitian ini juga bertujuan untuk menganalisis dampak pemberlakuan SNI mainan anak secara wajib terhadap produsen, importir, distributor, LSPro dan laboratorium penguji. \n Panduan mainan anak disusun dengan maksud memberikan informasi kepada stakeholder mainan anak dan masyarakat umum (konsumen) mengenai batasan produk mainan anak yang masuk dalam persyaratan SNI produk mainan anak (SNI ISO 8124) secara wajib dan batasan produk mainan anak yang tidak masuk dalam kategori produk yang dipersyaratkan dalam standar tersebut serta sejumlah informasi penting lainnya terkait persyaratan SNI mainan anak dan beberapa persoalan definisi mainan anak. Adapun dalam analisis dampak digunakan sejumlah parameter atau variabel yang dianggap penting untuk perbaikan sebagai respon stakeholder dari kebijakan tersebut, yang meliputi: perubahan investasi, ekspansi pasar, harga jual produk, jumlah pemasok, harga bahan baku, biaya produksi, volume penjualan, pangsa pasar, jumlah pengaduan, permintaan sertifikasi/pengujian, lama waktu sertifikasi, biaya sertifikasi, perbedaan hasil uji, ketidakjelasan mengenai kelompok HS mainan. Setiap parameter tersebut dipotret sebagai suatu yang meningkat (naik), menurun (turun) atau konstan (tetap) bagi stakeholder. \n Hasilnya menunjukkan bahwa bagi industri, importir dan distributor pemberlakuan SNI mainan anak secara wajib berdampak pada peningkatan harga jual produk yang disebabkan oleh adanya biaya sertifikasi mainan anak. Selain itu juga kebijakan ini juga berdampak pada penurunan volume penjualan. Hal ini mungkin disebabkan oleh peningkatan harga jual produk mainan anak, yang kemudian berimplikasi pada penurunan daya beli masyarakat. Daya beli masyarakat yang menurun akan berdampak penurunan volume penjualan mainan anak oleh produsen, importir dan distributor. Namun peningkatan harga jual produk mainan anak terjadi sebagai akibat pelemahan nilai rupiah (nilai tukar US$ naik di tahun 2015) terhadap dollar, sehingga diakui sedikit memperlambat mobilisasi impor mainan anak (kualitas medium ke atas). Akibatnya, mainan impor (kualitas medium ke bawah) menjadi preferensi konsumen terkhusus mainan anak kelompok “mainan lain-lain” karena lebih murah. Di sisi lain pemberlakuan SNI mainan anak secara wajib berdampak pada kecenderungan peningkatan jumlah modal (operasional) yang disebabkan adanya penambahan biaya untuk sertifikasi dan perubahan bahan baku akibat persyaratan SNI. Kebijakan ini juga berdampak pada ekspansi pasar produk mainan anak yang cenderung stagnan artinya industri merasakan tidak adanya perubahan pangsa pasar yang dimilikinya. Selain itu juga, kebijakan ini tidak memberikan dampak kenaikan yang signifikan terhadap jumlah pemasok, harga bahan baku, volume ekspor, dan jumlah pengaduan. \n Bagi importir dan distributor, daya saing produk mainan di pasar tetap tinggi karena meskipun daya beli pasar sedikit mengalami penurunan namun produk mainan impor masih menjadi minat masyarakat Indonesia. Karena komposisi sosial ekonomi masyarakat Indonesia adalah 39,6% kelas bawah dan 25,15% kelas menengah. Jika ditotal 64,75% merupakan kelas menengah-bawah. Masih rasional apabila mainan impor murah masih menjadi preferensi masyarakat. \nDari sudut pandang lain dapat disimpulkan bahwa pemberlakuan SNI mainan anak secara wajib menimbulkan sejumlah masalah terkait industri di lapangan yang harus dibenahi yaitu: metode pengambilan contoh, ketersediaan cat mainan anak sesuai SNI, masa sertifikasi yang membebani industri, biaya sertifikasi yang membebani UKM, adaptasi regulasi dengan UKM, inkonsistensi pelaporan hasil produksi, perubahan bahan baku yang menaikkan harga jual. \nBagi LSPro dan laboratorium uji, pemberlakuan SNI mainan anak secara wajib berdampak yang paling dominan adalah pada peningkatan perbedaaan hasil uji antar laboratorium yang diantaranya disebabkan belum adanya hasil uji profisiensi mainan anak. Secara umum kebijakan ini berdampak pada peningkatan permintaan sertifikasi/pengujian, peningkatan waktu sertifikasi, peningkatan biaya sertifikasi, peningkatan ketidakjelasan kategori mainan anak, peningkatan parameter tidak memenuhi hasil uji dan peningkatan jumlah pengaduan. Dari sudut pandang lain dapat disimpulkan bahwa pemberlakuan SNI mainan anak secara wajib menimbulkan sejumlah masalah terkait laboratorium uji yang belum ditunjuk atau diakreditasi KAN, pelabelan SNI yang beragam di lapangan, perbedaan hasil uji menimbulkan kerancuan hasil SHU, tanggungjawab LSPro terkait sertifikasi produk terurai, tanggungjawab BSN terhadap logo SNI dan belum adanya parameter pengujian LED dalam juknis. Peningkatan perbedaan hasil uji justru semakin tinggi dialami oleh LSPro dan laboratorium uji yang disebabkan oleh perbedaan SDM, metode uji, alat kalibrasi, dan belum adanya uji profisiensi.\nSejumlah rekomendasi terkait regulasi, juknis,  SNI dan instansi teknis diuraikan dalam penelitian ini (subbab 4.11).\n\n\nLorem Ipsum Lorem Ipsum Lorem Ipsum Lorem Ipsum Lorem Ipsum Lorem Ipsum Lorem Ipsum Lorem Ipsum Lorem Ipsum Lorem Ipsum Lorem Ipsum Lorem Ipsum Lorem Ipsum Lorem Ipsum Lorem Ipsum Lorem Ipsum Lorem Ipsum Lorem Ipsum Lorem Ipsum Lorem Ipsum Lorem Ipsum Lorem Ipsum Lorem Ipsum Lorem Ipsum Lorem Ipsum Lorem Ipsum Lorem Ipsum Lorem Ipsum Lorem Ipsum Lorem Ipsum ', '', 'penelitian', 6, '2015', 0, 'unpublish', '2016-11-25 17:10:25', '2016-11-25 17:10:25', NULL),
(157, 'manfaat-ekonomi-penerapan-sni-pada-usaha-kecil-dan-menengah-ukm', 'Manfaat Ekonomi Penerapan SNI pada Usaha Kecil dan Menengah (UKM) ', 'Salah satu pilar perekonomian suatu bangsa adalah Usaha Kecil dan Menengah (UKM). Peran strategis dari UKM dalam pembangunan ekonomi nasional adalah dalam hal penyerapan tenaga kerja dan juga berperan dalam pendistribusian hasil-hasil pembangunan (Hafsah, 2004). Oleh karena itu peranan UKM dalam perekonomian bangsa harus terus ditingkatkan melalui peningkatan daya saing produk dalam negeri dengan penerapan standar. Penerapan standar memberikan manfaat positif bagi UKM, sepuluh UKM dari sepuluh Negara di dunia memberikan kesaksian bagaimana standar ISO memberikan kontribusi yang baik, diantaranya: 1) Standar membantu berkompetisi dengan perusahaan yang lebih besar; 2) Standar membantu dalam akses pasar ekspor; 3) Standar membantu memberikan praktek bisnis terbaik; 4) Standar membantu operasi perusahaan menjadi lebih efisien dan berkembang; 5) Standar memberikan kredibilitas dan kepercayaan serta pengakuan konsumen; 6) Standar memberikan bahasa tunggal dalam industri untuk mutu (ISO, 2011). Manfaat ekonomi penerapan standar yang diperoleh oleh UKM, banyak yang bersifat intangible dan tidak terlihat secara nyata dan jelas atau bersifat abstrak dan banyak dilakukan secara makro.\nPada tahun 2010, International Organization for Standardization (ISO) telah mengembangkan suatu metode untuk menghitung manfaat ekonomi dari penerapan standar, metode ini disebut dengan ISO Metodology - Economic Benefit Standard (EBS). Berdasarkan hasil penelitian menggunakan metodologi ISO, penerapan standar memberikan suatu manfaat ekonomi pada pihak penerap standar (Farkah, 2011; Mulyono & Pudjiastuti, 2013; Sari, 2011; Ulkhaq, 2011).\nDalam UU Nomor 20 Tahun 2014 dinyatakan bahwa “Terhadap Pelaku Usaha mikro dan kecil, diberikan pembinaan paling sedikit berupa fasilitas pembiayaan Sertifikasi dan pemeliharaan Sertifikasi”. Dalam rangka menjaga efektivitas pembinaan yang berupa fasilitasi pembiayaan dan pemeliharaan sertifikasi, perlu diketahui kriteria UKM yang mampu menerapkan standar secara konsisten dari variabel-variabel yang mempengaruhinya.\nBerdasarkan analisa data, metodologi ISO Economic Benefits of Standards (EBS) dapat diterapkan pada Usaha Kecil Menengah (UKM) untuk menghitung manfaat ekonomi penerapan standar. Penerapan standar pada UKM memberikan keuntungan (benefit) ekonomi, pada studi kasus di UD Gerak Tani (UKM produsen bumbu siap pakai di Bekasi) mendapatkan keuntungan ekonomi sebesar Rp. 110.590.179,00 per tahun, UD Sari Rasa (UKM produsen tempe kedelai segar di Semarang) sebesar Rp. 348.762.300,00 per tahun dan PT Bali Alus (UKM produsen bahan-bahan spa di Denpasar) sebesar Rp. 45.506.702,00 per tahun.\nDari hasil penelitian  penerapan standar oleh UKM, ternyata 4 variabel independent (dari 6 variabel independent) signifikan mempengaruhi konsistensi UKM dalam menerapkan standar, yaitu variabel nilai penjualan, komitmen UKM, inovasi dan permintaan konsumen. Nilai penjualan yang meningkat akibat penerapan standar akan memacu UKM menerapkan standar secara konsisten. Komitmen pemilik UKM dan inovasi diperlukan untuk menjaga kelangsungan penerapan standar dan roda ekonomi UKM itu sendiri. Sedangkan permintaan konsumen akan suatu jaminan kualitas produk akan membuat suatu batasan daya saing produk UKM, sehingga hanya produk yang memenuhi harapan konsumen yang dapat diterima oleh konsumen. Dalam perdagangan bebas, produk dengan berbagai jenis membanjir di pasar. Konsumen memiliki banyak alternatif untuk memenuhi kebutuhannya. Hanya UKM yang memiliki daya saing strategis yang berkelanjutan akan menang dalam persaingan.\nRekomendasi hasil penelitian ini yaitu manfaat ekonomi penerapan standar pada UKM perlu didiseminasikan/disosialisasikan baik di internal BSN maupun instansi terkait yang mempunyai fungsi pembinaan UKM, melalui seminar atau workshop untuk meningkatkan kesadaran dan ketertarikan UKM dalam penggunaan/penerapan standar. Lembaga yang memberikan insentif berupa fasilitasi pembiayaan sertifikasi dan pemeliharaan sertifikasi pada UKM perlu mempertimbangkan 1) nilai penjualan, 2) komitmen UKM, 3) Inovasi dan 4) permintaan konsumen terkait jaminan mutu.\n', 'Salah satu pilar perekonomian suatu bangsa adalah Usaha Kecil dan Menengah (UKM). Peran strategis dari UKM dalam pembangunan ekonomi nasional adalah dalam hal penyerapan tenaga kerja dan juga berperan dalam pendistribusian hasil-hasil pembangunan (Hafsah, 2004). Oleh karena itu peranan UKM dalam perekonomian bangsa harus terus ditingkatkan melalui peningkatan daya saing produk dalam negeri dengan penerapan standar. Penerapan standar memberikan manfaat positif bagi UKM, sepuluh UKM dari sepuluh Negara di dunia memberikan kesaksian bagaimana standar ISO memberikan kontribusi yang baik, diantaranya: 1) Standar membantu berkompetisi dengan perusahaan yang lebih besar; 2) Standar membantu dalam akses pasar ekspor; 3) Standar membantu memberikan praktek bisnis terbaik; 4) Standar membantu operasi perusahaan menjadi lebih efisien dan berkembang; 5) Standar memberikan kredibilitas dan kepercayaan serta pengakuan konsumen; 6) Standar memberikan bahasa tunggal dalam industri untuk mutu (ISO, 2011). Manfaat ekonomi penerapan standar yang diperoleh oleh UKM, banyak yang bersifat intangible dan tidak terlihat secara nyata dan jelas atau bersifat abstrak dan banyak dilakukan secara makro.\nPada tahun 2010, International Organization for Standardization (ISO) telah mengembangkan suatu metode untuk menghitung manfaat ekonomi dari penerapan standar, metode ini disebut dengan ISO Metodology - Economic Benefit Standard (EBS). Berdasarkan hasil penelitian menggunakan metodologi ISO, penerapan standar memberikan suatu manfaat ekonomi pada pihak penerap standar (Farkah, 2011; Mulyono & Pudjiastuti, 2013; Sari, 2011; Ulkhaq, 2011).\nDalam UU Nomor 20 Tahun 2014 dinyatakan bahwa “Terhadap Pelaku Usaha mikro dan kecil, diberikan pembinaan paling sedikit berupa fasilitas pembiayaan Sertifikasi dan pemeliharaan Sertifikasi”. Dalam rangka menjaga efektivitas pembinaan yang berupa fasilitasi pembiayaan dan pemeliharaan sertifikasi, perlu diketahui kriteria UKM yang mampu menerapkan standar secara konsisten dari variabel-variabel yang mempengaruhinya.\nBerdasarkan analisa data, metodologi ISO Economic Benefits of Standards (EBS) dapat diterapkan pada Usaha Kecil Menengah (UKM) untuk menghitung manfaat ekonomi penerapan standar. Penerapan standar pada UKM memberikan keuntungan (benefit) ekonomi, pada studi kasus di UD Gerak Tani (UKM produsen bumbu siap pakai di Bekasi) mendapatkan keuntungan ekonomi sebesar Rp. 110.590.179,00 per tahun, UD Sari Rasa (UKM produsen tempe kedelai segar di Semarang) sebesar Rp. 348.762.300,00 per tahun dan PT Bali Alus (UKM produsen bahan-bahan spa di Denpasar) sebesar Rp. 45.506.702,00 per tahun.\nDari hasil penelitian  penerapan standar oleh UKM, ternyata 4 variabel independent (dari 6 variabel independent) signifikan mempengaruhi konsistensi UKM dalam menerapkan standar, yaitu variabel nilai penjualan, komitmen UKM, inovasi dan permintaan konsumen. Nilai penjualan yang meningkat akibat penerapan standar akan memacu UKM menerapkan standar secara konsisten. Komitmen pemilik UKM dan inovasi diperlukan untuk menjaga kelangsungan penerapan standar dan roda ekonomi UKM itu sendiri. Sedangkan permintaan konsumen akan suatu jaminan kualitas produk akan membuat suatu batasan daya saing produk UKM, sehingga hanya produk yang memenuhi harapan konsumen yang dapat diterima oleh konsumen. Dalam perdagangan bebas, produk dengan berbagai jenis membanjir di pasar. Konsumen memiliki banyak alternatif untuk memenuhi kebutuhannya. Hanya UKM yang memiliki daya saing strategis yang berkelanjutan akan menang dalam persaingan.\nRekomendasi hasil penelitian ini yaitu manfaat ekonomi penerapan standar pada UKM perlu didiseminasikan/disosialisasikan baik di internal BSN maupun instansi terkait yang mempunyai fungsi pembinaan UKM, melalui seminar atau workshop untuk meningkatkan kesadaran dan ketertarikan UKM dalam penggunaan/penerapan standar. Lembaga yang memberikan insentif berupa fasilitasi pembiayaan sertifikasi dan pemeliharaan sertifikasi pada UKM perlu mempertimbangkan 1) nilai penjualan, 2) komitmen UKM, 3) Inovasi dan 4) permintaan konsumen terkait jaminan mutu.\n', '', 'penelitian', 6, '2015', 0, 'unpublish', '2016-11-25 17:10:26', '2016-11-25 17:10:26', NULL),
(158, 'analisa-standardisasi-jasa-pariwisata-indonesia', 'Analisa Standardisasi Jasa Pariwisata Indonesia ', 'Sektor pariwisata mempunyai peranan penting dalam perekonomian nasional, kontribusinya meningkat setiap tahun. Dalam kesepakatan ASEAN Economic Community (AEC), pariwisata menjadi salah satu sektor yang disepakati bersama. Hal ini menunjukkan bahwa perpindahan arus orang akan terjadi di antara negara ASEAN. Dampak bagi pariwisata Indonesia tentunya akan meningkatkan jumlah wisatawan asing yang akan berkunjung ke negara kita. Potensi ini harus diimbangi dengan perangkat standardisasi terhadap pariwisata di Indonesia baik itu dalam segi infrastruktur, kompetensi sumber daya manusia dan jasa yang diberikan.\n Pembangunan kepariwisataan diwujudkan melalui pelaksanaan rencana pembangunan kepariwisataan dengan memperhatikan keanekaragaman, keunikan, dan kekhasan budaya dan alam, serta kebutuhan manusia untuk berwisata. Pembangunan kepariwisataan ini meliputi pembangunan destinasi pariwisata, industri pariwisata, pemasaran dan kelembagaan kepariwisataan. Dalam Undang Undang Nomor 10 Tahun 2009 tentang Kepariwisataan disebutkan pada Pasal 54 yaitu :\n1. Produk, pelayanan, dan pengelolaan usaha pariwisata memiliki standar usaha.\n2. Standar usaha sebagaimana dimaksud pada ayat (1) dilakukan melalui sertifikasi  usaha.\n3. Sertifikasi usaha sebagaimana dimaksud pada ayat (2) dilakukan oleh lembaga mandiri yang berwenang sesuai dengan ketentuan peraturan perundang-undangan.\nKajian ini hanya dibatasi pada tiga usaha pariwisata yaitu hotel (penyediaan akomodasi), jasa perjalanan wisata dan restoran (jasa makanan dan minuman), meskipun terdapat 13 jenis usaha pariwisata menurut UU Nomor 10 Tahun 2009 Pasal 14. Ketigabelas usaha pariwisata tersebut antara lain Daya Tarik Wisata; Kawasan Pariwisata; Jasa Transportasi Wisata; Jasa Perjalanan Wisata; Jasa Makanan dan Minuman; Penyediaan Akomodasi; Penyelenggaraan Kegiatan Hiburan  Rekreasi. Pemilihan tiga usaha pariwisata tersebut yang menjadi batasan kajian dikarenakan pelaku usaha yang ada saat ini sudah menerapkan suatu standar atau aturan yang diatur oleh asosiasi terkait. \nData yang dikumpulkan dalam kajian ini meliputi data primer dan sekunder. Data sekunder diperoleh melalui studi pustaka untuk mendapatkan data mengenai standar usaha yang diatur melalui Peraturan Menteri, data perkembangan jumlah hotel dan biro perjalanan wisata, data standar ISO serta data-data pendukung lainnya yang terkait. Sedangkan untuk data primer didapat dengan cara survei dan wawancara langsung kepada pelaku usaha menggunakan alat bantu kuesioner. Pengumpulan data primer melalui survei lapangan peneitian ini terfokus pada lokus survei yang terdapat pada 4 (empat) kota yaitu: Denpasar dan Yogyakarta (mewakili daerah dengan industri pariwisata yang sudah maju) serta Mataram dan Belitung (mewakili daerah dengan industri pariwisata yang sedang berkembang). Kajian ini menggunakan metode analisa data deskriptif kualitatif.\nHasil kajian menunjukkan bahwa pelaku usaha hotel, jasa perjalanan wisata dan restoran yang mengetahui tentang pemberlakuan standar usaha secara berurutan adalah 87,5%; 33,3% dan 12,5%. Adapun responden hotel bintang 5 mempunyai pengetahuan yang paling baik tentang adanya standar usaha hotel yang diatur melalui Peraturan Menteri Pariwisata yaitu sebesar 100% dibandingkan dengan responden hotel bintang 4 sebesar 80% dan responden bintang 3 sebesar 85,71%. Dilihat dari perbedaan lokus kajian, responden hotel yang terdapat di daerah dengan industri pariwisata yang sudah maju lebih mampu memenuhi persyaratan standar usaha dibandingkan dengan responden hotel yang terdapat di daerah dengan industri pariwisata yang sedang berkembang. Besarnya persentase adalah 71,4% berbanding 55,6%. \nResponden biro perjalanan wisata yang mengetahui tentang adanya standar usaha jasa perjalanan wisata yang diatur melalui Peraturan Menteri Pariwisata rendah yaitu hanya sebesar 33,3%. Sementara apabila dilihat dari perbedaan lokus kajian, responden biro perjalanan wisata yang terdapat di daerah dengan industri pariwisata yang sudah maju lebih banyak yang mampu memenuhi persyaratan standar usaha meskipun nilainya cukup rendah yakni hanya sebesar 20%. Sedangkan pada daerah dengan industri pariwisata yang sedang berkembang, responden biro perjalanan wisata tidak ada yang mampu memenuhi persyaratan standar usaha. \nResponden restoran pengetahuannya tergolong paling rendah diantara pelaku usaha lainnya (hotel dan biro perjalanan wisata). Hanya sebesar 12,5% telah mengetahui adanya standar usaha restoran yang diatur melalui Peraturan Menteri Pariwisata. Sementara itu, responden juga tidak ada yang mampu memenuhi persyaratan standar usaha restoran baik di industri pariwisata yang sudah maju maupun di daerah dengan industri pariwisata yang sedang berkembang.\n Rekomendasi yang diusulkan dari hasil kajian ini, yaitu pemerintah dapat memanfaatkan asosiasi/perhimpunan usaha pariwisata untuk meningkatkan kesadaran pelaku usaha pariwisata terhadap penerapan standar dalam mensosialisasikan standardisasi dan sertifikasi usaha pariwisata; BSN perlu mempercepat penetapan SNI yang sesuai dengan prioritas program Kementerian Pariwisata antara lain standar usaha akomodasi, jasa perjalanan wisata, jasa makanan dan minuman, jasa pengadaan penyelenggaraan wisata, jasa spa. Selain itu perumusan standar terminologi hotel dan akomodasi (adopsi dari ISO 18513:2003) juga diperlukan untuk mendukung sertifikasi di bidang jasa pariwisata, sehingga perlu diusulkan perumusan SNI terminologi hotel dan akomodasi untuk dipertimbangkan dalam PNPS. \n', 'Sektor pariwisata mempunyai peranan penting dalam perekonomian nasional, kontribusinya meningkat setiap tahun. Dalam kesepakatan ASEAN Economic Community (AEC), pariwisata menjadi salah satu sektor yang disepakati bersama. Hal ini menunjukkan bahwa perpindahan arus orang akan terjadi di antara negara ASEAN. Dampak bagi pariwisata Indonesia tentunya akan meningkatkan jumlah wisatawan asing yang akan berkunjung ke negara kita. Potensi ini harus diimbangi dengan perangkat standardisasi terhadap pariwisata di Indonesia baik itu dalam segi infrastruktur, kompetensi sumber daya manusia dan jasa yang diberikan.\n Pembangunan kepariwisataan diwujudkan melalui pelaksanaan rencana pembangunan kepariwisataan dengan memperhatikan keanekaragaman, keunikan, dan kekhasan budaya dan alam, serta kebutuhan manusia untuk berwisata. Pembangunan kepariwisataan ini meliputi pembangunan destinasi pariwisata, industri pariwisata, pemasaran dan kelembagaan kepariwisataan. Dalam Undang Undang Nomor 10 Tahun 2009 tentang Kepariwisataan disebutkan pada Pasal 54 yaitu :\n1. Produk, pelayanan, dan pengelolaan usaha pariwisata memiliki standar usaha.\n2. Standar usaha sebagaimana dimaksud pada ayat (1) dilakukan melalui sertifikasi  usaha.\n3. Sertifikasi usaha sebagaimana dimaksud pada ayat (2) dilakukan oleh lembaga mandiri yang berwenang sesuai dengan ketentuan peraturan perundang-undangan.\nKajian ini hanya dibatasi pada tiga usaha pariwisata yaitu hotel (penyediaan akomodasi), jasa perjalanan wisata dan restoran (jasa makanan dan minuman), meskipun terdapat 13 jenis usaha pariwisata menurut UU Nomor 10 Tahun 2009 Pasal 14. Ketigabelas usaha pariwisata tersebut antara lain Daya Tarik Wisata; Kawasan Pariwisata; Jasa Transportasi Wisata; Jasa Perjalanan Wisata; Jasa Makanan dan Minuman; Penyediaan Akomodasi; Penyelenggaraan Kegiatan Hiburan  Rekreasi. Pemilihan tiga usaha pariwisata tersebut yang menjadi batasan kajian dikarenakan pelaku usaha yang ada saat ini sudah menerapkan suatu standar atau aturan yang diatur oleh asosiasi terkait. \nData yang dikumpulkan dalam kajian ini meliputi data primer dan sekunder. Data sekunder diperoleh melalui studi pustaka untuk mendapatkan data mengenai standar usaha yang diatur melalui Peraturan Menteri, data perkembangan jumlah hotel dan biro perjalanan wisata, data standar ISO serta data-data pendukung lainnya yang terkait. Sedangkan untuk data primer didapat dengan cara survei dan wawancara langsung kepada pelaku usaha menggunakan alat bantu kuesioner. Pengumpulan data primer melalui survei lapangan peneitian ini terfokus pada lokus survei yang terdapat pada 4 (empat) kota yaitu: Denpasar dan Yogyakarta (mewakili daerah dengan industri pariwisata yang sudah maju) serta Mataram dan Belitung (mewakili daerah dengan industri pariwisata yang sedang berkembang). Kajian ini menggunakan metode analisa data deskriptif kualitatif.\nHasil kajian menunjukkan bahwa pelaku usaha hotel, jasa perjalanan wisata dan restoran yang mengetahui tentang pemberlakuan standar usaha secara berurutan adalah 87,5%; 33,3% dan 12,5%. Adapun responden hotel bintang 5 mempunyai pengetahuan yang paling baik tentang adanya standar usaha hotel yang diatur melalui Peraturan Menteri Pariwisata yaitu sebesar 100% dibandingkan dengan responden hotel bintang 4 sebesar 80% dan responden bintang 3 sebesar 85,71%. Dilihat dari perbedaan lokus kajian, responden hotel yang terdapat di daerah dengan industri pariwisata yang sudah maju lebih mampu memenuhi persyaratan standar usaha dibandingkan dengan responden hotel yang terdapat di daerah dengan industri pariwisata yang sedang berkembang. Besarnya persentase adalah 71,4% berbanding 55,6%. \nResponden biro perjalanan wisata yang mengetahui tentang adanya standar usaha jasa perjalanan wisata yang diatur melalui Peraturan Menteri Pariwisata rendah yaitu hanya sebesar 33,3%. Sementara apabila dilihat dari perbedaan lokus kajian, responden biro perjalanan wisata yang terdapat di daerah dengan industri pariwisata yang sudah maju lebih banyak yang mampu memenuhi persyaratan standar usaha meskipun nilainya cukup rendah yakni hanya sebesar 20%. Sedangkan pada daerah dengan industri pariwisata yang sedang berkembang, responden biro perjalanan wisata tidak ada yang mampu memenuhi persyaratan standar usaha. \nResponden restoran pengetahuannya tergolong paling rendah diantara pelaku usaha lainnya (hotel dan biro perjalanan wisata). Hanya sebesar 12,5% telah mengetahui adanya standar usaha restoran yang diatur melalui Peraturan Menteri Pariwisata. Sementara itu, responden juga tidak ada yang mampu memenuhi persyaratan standar usaha restoran baik di industri pariwisata yang sudah maju maupun di daerah dengan industri pariwisata yang sedang berkembang.\n Rekomendasi yang diusulkan dari hasil kajian ini, yaitu pemerintah dapat memanfaatkan asosiasi/perhimpunan usaha pariwisata untuk meningkatkan kesadaran pelaku usaha pariwisata terhadap penerapan standar dalam mensosialisasikan standardisasi dan sertifikasi usaha pariwisata; BSN perlu mempercepat penetapan SNI yang sesuai dengan prioritas program Kementerian Pariwisata antara lain standar usaha akomodasi, jasa perjalanan wisata, jasa makanan dan minuman, jasa pengadaan penyelenggaraan wisata, jasa spa. Selain itu perumusan standar terminologi hotel dan akomodasi (adopsi dari ISO 18513:2003) juga diperlukan untuk mendukung sertifikasi di bidang jasa pariwisata, sehingga perlu diusulkan perumusan SNI terminologi hotel dan akomodasi untuk dipertimbangkan dalam PNPS. \n', '', 'penelitian', 6, '2015', 0, 'unpublish', '2016-11-25 17:10:26', '2016-11-25 17:10:26', NULL),
(159, 'persepsi-publik-terhadap-produk-bertanda-sni', 'Persepsi Publik terhadap Produk Bertanda SNI ', 'Di era perdagangan global, standar merupakan suatu instrumen yang berperan dalam menentukan mutu produk. SNI disusun dengan mempertimbangkan syarat-syarat keselamatan, keamanan, kesehatan, lingkungan hidup (K3L), perkembangan ilmu pengetahuan dan teknologi, serta pengalaman untuk memperoleh manfaat yang sebesar-besarnya. Berdasarkan Pasal 24 ayat (1) UU No.20 tahun 2014 tentang Standardisasi dan Peniliaian Kesesuaian, bahwa dalam hal SNI berkaitan dengan kepentingan keselamatan, keamanan, kesehatan, atau pelestarian fungsi lingkungan hidup, kementerian/lembaga pemerintah non kementerian berwenang menetapkan pemberlakuan SNI secara wajib dengan Peraturan Menteri atau Peraturan Kepala Lembaga Pemerintah Nonkementerian. Dalam hal ini, seluruh produk yang beredar di Indonesia wajib memenuhi syarat mutu yang ditetapkan dalam SNI yang dibuktikan dengan diterbitkannya Sertifikat Produk Penggunaan Tanda SNI (SPPT SNI) oleh Lembaga Sertifikasi Produk (LSPro). Berdasarkan UU No.20 tahun 2014 Pasal 21 ayat (1), SNI dapat diterapkan secara sukarela oleh pelaku usaha, kementerian dan/atau lembaga pemerintah non kementerian, dan/atau pemerintah daerah. Implikasi di dalam negeri, bila konsumen selalu menggunakan dan mencari produk berkualitas (bertanda SNI), dan produsen berlomba-lomba menerapkan SNI secara sukarela, maka hal ini dapat mendorong pertumbuhan konsumsi produk dalam negeri secara signifikan. Pada akhirnya produk Indonesia menjadi produk yang jaya di negeri sendiri.\nPenelitian terhadap Tingkat persepsi publik terhadap produk bertanda SNI dilaksanakan untuk mengukur dan mengetahui gambaran mengenai pemahaman publik terhadap produk bertanda SNI. Dari gambaran tersebut sehingga pemangku kepentingan (stakeholders) terkait dapat mengetahui langkah-langkah selanjutnya yang harus dilakukan dalam era perdagangan bebas. Untuk Persepsi publik/masyarakat, metode pengambilan data dilakukan di Kota besar di Indonesia Bagian Tengah (Denpasar, Mataram, Manado, Banjarmasin) diambil dengan metode random sampling terhadap masyarakat/ pengunjung yang berbelanja di Supermarket/Hypermarket. Sedangkan untuk Persepsi Industri terhadap produk bertanda SNI terkait dengan daya saing, metode pengambilan data dilakukan terhadap perusahaan yang telah menerapkan SNI wajib di wilayah Jakarta, Bekasi dan Tangerang. Kriteria responden K3L  yaitu berusia 17 tahun atau lebih, Berdomisili di kota survei, Pengguna Produk (end users), termasuk industri yang menggunakan produk untuk bahan baku, bahan modal, sedangkan kiteria Responden Daya Saing adalah Produsen/industri. \n\n\n\nBerdasarkan hasil penelitian diperoleh Tingkat Persepsi Masyarakat terhadap K3L Produk Bertanda SNI adalah 7,38 (baik), Tingkat  Persepsi Publik terhadap Daya Saing Produk adalah 7,54 (baik) dan Tingkat  Persepsi terhadap Daya Saing Penerap Standar di Pasar Global adalah 6,74 (baik). Dalam hal pemahaman masyarakat terhadap SNI diperoleh hasil bahwa laki-laki lebih mengenal SNI daripada perempuan dan orang yang bekerja lebih mengenal SNI daripada orang yang tidak bekerja. Dari hasil penelitian media yang lebih efektif digunakan sebagai media promosi mengenalkan SNI adalah Media Elektronik (Televisi dan Radio), sedangkan media sosial signifikan efektif sebagai media promosi untuk usia 17 tahun sampai dengan 30 tahun. Dari hasil penelitian diperoleh kesimpulan pula bahwa pendidikan berpengaruh signifikan terhadap persepsi produk SNI yang aman dikonsumsi, usia berpengaruh signifikan terhadap persepsi produk SNI yang ramah lingkungan, jenis pekerjaan berpengaruh signifikan terhadap persepsi produk SNI yang sehat digunakan dan jenis kelamin berpengaruh signifikan terhadap persepsi produk SNI yang bermutu baik.\n', 'Di era perdagangan global, standar merupakan suatu instrumen yang berperan dalam menentukan mutu produk. SNI disusun dengan mempertimbangkan syarat-syarat keselamatan, keamanan, kesehatan, lingkungan hidup (K3L), perkembangan ilmu pengetahuan dan teknologi, serta pengalaman untuk memperoleh manfaat yang sebesar-besarnya. Berdasarkan Pasal 24 ayat (1) UU No.20 tahun 2014 tentang Standardisasi dan Peniliaian Kesesuaian, bahwa dalam hal SNI berkaitan dengan kepentingan keselamatan, keamanan, kesehatan, atau pelestarian fungsi lingkungan hidup, kementerian/lembaga pemerintah non kementerian berwenang menetapkan pemberlakuan SNI secara wajib dengan Peraturan Menteri atau Peraturan Kepala Lembaga Pemerintah Nonkementerian. Dalam hal ini, seluruh produk yang beredar di Indonesia wajib memenuhi syarat mutu yang ditetapkan dalam SNI yang dibuktikan dengan diterbitkannya Sertifikat Produk Penggunaan Tanda SNI (SPPT SNI) oleh Lembaga Sertifikasi Produk (LSPro). Berdasarkan UU No.20 tahun 2014 Pasal 21 ayat (1), SNI dapat diterapkan secara sukarela oleh pelaku usaha, kementerian dan/atau lembaga pemerintah non kementerian, dan/atau pemerintah daerah. Implikasi di dalam negeri, bila konsumen selalu menggunakan dan mencari produk berkualitas (bertanda SNI), dan produsen berlomba-lomba menerapkan SNI secara sukarela, maka hal ini dapat mendorong pertumbuhan konsumsi produk dalam negeri secara signifikan. Pada akhirnya produk Indonesia menjadi produk yang jaya di negeri sendiri.\nPenelitian terhadap Tingkat persepsi publik terhadap produk bertanda SNI dilaksanakan untuk mengukur dan mengetahui gambaran mengenai pemahaman publik terhadap produk bertanda SNI. Dari gambaran tersebut sehingga pemangku kepentingan (stakeholders) terkait dapat mengetahui langkah-langkah selanjutnya yang harus dilakukan dalam era perdagangan bebas. Untuk Persepsi publik/masyarakat, metode pengambilan data dilakukan di Kota besar di Indonesia Bagian Tengah (Denpasar, Mataram, Manado, Banjarmasin) diambil dengan metode random sampling terhadap masyarakat/ pengunjung yang berbelanja di Supermarket/Hypermarket. Sedangkan untuk Persepsi Industri terhadap produk bertanda SNI terkait dengan daya saing, metode pengambilan data dilakukan terhadap perusahaan yang telah menerapkan SNI wajib di wilayah Jakarta, Bekasi dan Tangerang. Kriteria responden K3L  yaitu berusia 17 tahun atau lebih, Berdomisili di kota survei, Pengguna Produk (end users), termasuk industri yang menggunakan produk untuk bahan baku, bahan modal, sedangkan kiteria Responden Daya Saing adalah Produsen/industri. \n\n\n\nBerdasarkan hasil penelitian diperoleh Tingkat Persepsi Masyarakat terhadap K3L Produk Bertanda SNI adalah 7,38 (baik), Tingkat  Persepsi Publik terhadap Daya Saing Produk adalah 7,54 (baik) dan Tingkat  Persepsi terhadap Daya Saing Penerap Standar di Pasar Global adalah 6,74 (baik). Dalam hal pemahaman masyarakat terhadap SNI diperoleh hasil bahwa laki-laki lebih mengenal SNI daripada perempuan dan orang yang bekerja lebih mengenal SNI daripada orang yang tidak bekerja. Dari hasil penelitian media yang lebih efektif digunakan sebagai media promosi mengenalkan SNI adalah Media Elektronik (Televisi dan Radio), sedangkan media sosial signifikan efektif sebagai media promosi untuk usia 17 tahun sampai dengan 30 tahun. Dari hasil penelitian diperoleh kesimpulan pula bahwa pendidikan berpengaruh signifikan terhadap persepsi produk SNI yang aman dikonsumsi, usia berpengaruh signifikan terhadap persepsi produk SNI yang ramah lingkungan, jenis pekerjaan berpengaruh signifikan terhadap persepsi produk SNI yang sehat digunakan dan jenis kelamin berpengaruh signifikan terhadap persepsi produk SNI yang bermutu baik.\n', '', 'penelitian', 6, '2015', 0, 'unpublish', '2016-11-25 17:10:27', '2016-11-25 17:10:27', NULL);
INSERT INTO `article_contents` (`id`, `slug`, `title`, `intro`, `description`, `image`, `category`, `author_id`, `year`, `views`, `status`, `created_at`, `updated_at`, `deleted_at`) VALUES
(160, 'pengembangan-komponen-sni-mobil-listrik', 'Pengembangan Komponen SNI Mobil Listrik', 'Minyak bumi merupakan sumber energi primer yang sangat mendominasi penggunaannya dalam memenuhi kebutuhan energi dunia. Untuk mengatasi hal ini, beberapa upaya dilakukan dalam rangka menurunkan angka pemakaian minyak bumi antara lain melalui pemanfaatan sumber energi alternatif sebagai pengganti bahan bakar minyak bumi yang dalam hal ini adalah pengembangan mobil listrik.  Mobil listrik adalah kendaraan yang digerakkan dengan motor listrik, menggunakan energi listrik yang disimpan dalam baterai. Kelebihan mobil listrik jika dibandingkan dengan mobil bermesin pembakaran adalah mobil listrik tidak menghasilkan emisi kendaraan bermotor. \nDi Indonesia teknologi mobil listrik telah lama berkembang. Ini terlihat dari banyaknya riset mengenai mobil listrik yang telah dilakukan oleh para peneliti dan akademisi di Indonesia. Melihat kebijakan pemerintah dalam hal kenaikan harga BBM, penggunaan mobil listrik akan menjadi solusi sebagai media diversifikasi energi pada sarana transportasi. Pembahasan program mobil listrik nasional telah dilaksanakan  di Istana Negara Yogyakarta pada bulan Mei 2012  dengan menghadirkan Presiden RI, Anggota Kabinet, dan para Rektor dari berbagai universitas. Dalam pertemuan membahas tentang kesiapan industri nasional dalam mengembangkan mobil listrik. Hal ini sejalan dengan Peraturan Presiden  Nomor 28  Tahun 2008 Tentang Kebijakan Industri Nasional, dimana pemerintah telah menetapkan program penguatan, pendalaman dan penumbuhan di berbagai klaster industri prioritas. Program mobil listrk diharapkan juga sebagai jawaban atas program penguatan, pendalaman dan penumbuhan di Industri otomotif nasional. Dalam proses produksi mobil listrik diperlukan standar ataupun spesifikasi teknis yang dapat menjamin mutu produk mobil listrik dan meningkatkan daya saing produk mobil listrik di pasar. Untuk mendukung pengembangan industri mobil listrik nasional, maka  penelitian  ini bertujuan untuk mengembangkan draft SNI komponen mobil listrik.\n Penelitian ini dibatasi pada beberapa komponen mobil listrik yang menjadi produk prioritas penelitian dimaksud, pengembangan Standar Nasional Indonesia (SNI) difokuskan pada komponen mobil listrik nasional dan bukan standar sistem, untuk program penelitian TA 2015, Standar Nasional Indonesia (SNI) yang dikembangkan  terfokus pada Draft RSNI terminologi dan Draft RSNI sel baterai mobil listrik.\nDalam penelitian ini, data dikumpulkan melalui studi pustaka dan survei lapangan. Data yang dikumpulkan dengan studi pustaka adalah data SNI dan Standar Internasional (SI) terkait produk prioritas komponen mobil listrik. Adapun untuk data primer dari pengembang mobil listrik dilakukan dengan cara survei dan wawancara menggunakan alat kuesioner. Pelaksanaan survei peneitian ini terfokus pada lokus survei yang dipusatkan pada 6 (enam)  kota yaitu : DKI  Jakarta, Tangerang, Bandung, Solo, Yogyakarta dan Surabaya. Penelitian ini menggunakan metode analisis data deskriptif kualitatif.\nHasil penelitian ini telah menghasilkan 3 (tiga) draft  SNI yaitu 1 (satu) draft  RSNI  terminologi mobil listrik: Draft  RSNI ISO 8713:2012 Kendaraan berpenggerak (propulsi) listrik -  Vocabulary dan 2 (dua) draft RSNI pengujian sel baterai masing-masing: Draft RSNI IEC 62660-1 Sel ion Lithium sekunder untuk penggerak kendaraan listrik Bagian 1 : Pengujian Unjuk Kerja dan draft RSNI IEC 62660-2 Sel ion-lithium sekunder untuk penggerak kendaraan listrik–Bagian 2: Pengujian keandalan dan penyalahgunaan. Penelitian ini juga menyimpulkan bahwa  sebanyak 94% responden pengembang komponen mobil listrik menyetujui untuk melakukan adopsi identik terkait dengan pengembangan draft RSNI tersebut. Informasi lain yang diperoleh dari hasil survei pada pengembang mobil listrik/ komponen mobil listrik  yaitu sebanyak 72 % pengembang komponen mobil listrik merupakan pengembang komponen baru dan  28%  merupakan perakit komponen; Sebanyak 78% pengembang komponen mobil listrik telah  mengetahui standar internasional komponen mobil listrik, yaitu ISO dan IEC; serta sebanyak 55 % pengembang komponen menyatakan bahwa standar internasional ISO dan IEC telah digunakan sebagai acuan dalam pengembangan komponen mobil listrik di institusi. \nDari hasil penelitian juga didapatkan bahwa sebanyak 62,5% responden mampu melakukan pengujian terkait  parameter yang sesuai dengan draft RSNI IEC 62660-1 dan draft RSNI IEC 62660-2. Sebanyak 37,5% responden (dari total 8 responden pengembang baterai) belum mampu melakukan pengujian terkait  parameter yang terdapat dalam kedua standar tersebut.  Untuk draft RSNI IEC 62660-1, terdapat 3 parameter pengujian yang belum dapat diujikan); sedangkan untuk draft RSNI IEC 62660-2 terdapat 9 parameter pengujian yang belum dapat diujikan. Untuk pemenuhan parameter  pengujian yang terdapat dalam draft RSNI IEC 62660-1 dan draft RSNI IEC 62660-2, sebagian besar responden mengalami kendala terkait ketersediaan peralatan pengujian (peralatan pengkondisian ruang uji). Hal tersebut dikarenakan pada saat pengujian beberapa parameter uji mempersyaratkan kondisi uji pada suhu-suhu tertentu. Namun demikian, kendala tersebut  akan teratasi dengan pengadaan alat pengujian yang akan dilakukan oleh para pengembang mobil listrik.\nRekomendasi yang diperoleh dari penelitian ini, yaitu mengusulkan kepada komtek 43.01 melalui PPS untuk mengadopsi identik ISO/TR 8713:2012, IEC 62660-1, IEC 62660-2 menjadi SNI. Diperlu pemberian insentif kepada pengembang komponen mobil listrik dalam rangka pemenuhan parameter-parameter yang belum mampu diterapkan dalam draft RSNI  IEC 62660-1 dan draft RSNI IEC 62660-2. Perlu melibatkan pengembang komponen mobil listrik dalam rangka pengembangan SNI komponen lain mobil listrik.\n', 'Minyak bumi merupakan sumber energi primer yang sangat mendominasi penggunaannya dalam memenuhi kebutuhan energi dunia. Untuk mengatasi hal ini, beberapa upaya dilakukan dalam rangka menurunkan angka pemakaian minyak bumi antara lain melalui pemanfaatan sumber energi alternatif sebagai pengganti bahan bakar minyak bumi yang dalam hal ini adalah pengembangan mobil listrik.  Mobil listrik adalah kendaraan yang digerakkan dengan motor listrik, menggunakan energi listrik yang disimpan dalam baterai. Kelebihan mobil listrik jika dibandingkan dengan mobil bermesin pembakaran adalah mobil listrik tidak menghasilkan emisi kendaraan bermotor. \nDi Indonesia teknologi mobil listrik telah lama berkembang. Ini terlihat dari banyaknya riset mengenai mobil listrik yang telah dilakukan oleh para peneliti dan akademisi di Indonesia. Melihat kebijakan pemerintah dalam hal kenaikan harga BBM, penggunaan mobil listrik akan menjadi solusi sebagai media diversifikasi energi pada sarana transportasi. Pembahasan program mobil listrik nasional telah dilaksanakan  di Istana Negara Yogyakarta pada bulan Mei 2012  dengan menghadirkan Presiden RI, Anggota Kabinet, dan para Rektor dari berbagai universitas. Dalam pertemuan membahas tentang kesiapan industri nasional dalam mengembangkan mobil listrik. Hal ini sejalan dengan Peraturan Presiden  Nomor 28  Tahun 2008 Tentang Kebijakan Industri Nasional, dimana pemerintah telah menetapkan program penguatan, pendalaman dan penumbuhan di berbagai klaster industri prioritas. Program mobil listrk diharapkan juga sebagai jawaban atas program penguatan, pendalaman dan penumbuhan di Industri otomotif nasional. Dalam proses produksi mobil listrik diperlukan standar ataupun spesifikasi teknis yang dapat menjamin mutu produk mobil listrik dan meningkatkan daya saing produk mobil listrik di pasar. Untuk mendukung pengembangan industri mobil listrik nasional, maka  penelitian  ini bertujuan untuk mengembangkan draft SNI komponen mobil listrik.\n Penelitian ini dibatasi pada beberapa komponen mobil listrik yang menjadi produk prioritas penelitian dimaksud, pengembangan Standar Nasional Indonesia (SNI) difokuskan pada komponen mobil listrik nasional dan bukan standar sistem, untuk program penelitian TA 2015, Standar Nasional Indonesia (SNI) yang dikembangkan  terfokus pada Draft RSNI terminologi dan Draft RSNI sel baterai mobil listrik.\nDalam penelitian ini, data dikumpulkan melalui studi pustaka dan survei lapangan. Data yang dikumpulkan dengan studi pustaka adalah data SNI dan Standar Internasional (SI) terkait produk prioritas komponen mobil listrik. Adapun untuk data primer dari pengembang mobil listrik dilakukan dengan cara survei dan wawancara menggunakan alat kuesioner. Pelaksanaan survei peneitian ini terfokus pada lokus survei yang dipusatkan pada 6 (enam)  kota yaitu : DKI  Jakarta, Tangerang, Bandung, Solo, Yogyakarta dan Surabaya. Penelitian ini menggunakan metode analisis data deskriptif kualitatif.\nHasil penelitian ini telah menghasilkan 3 (tiga) draft  SNI yaitu 1 (satu) draft  RSNI  terminologi mobil listrik: Draft  RSNI ISO 8713:2012 Kendaraan berpenggerak (propulsi) listrik -  Vocabulary dan 2 (dua) draft RSNI pengujian sel baterai masing-masing: Draft RSNI IEC 62660-1 Sel ion Lithium sekunder untuk penggerak kendaraan listrik Bagian 1 : Pengujian Unjuk Kerja dan draft RSNI IEC 62660-2 Sel ion-lithium sekunder untuk penggerak kendaraan listrik–Bagian 2: Pengujian keandalan dan penyalahgunaan. Penelitian ini juga menyimpulkan bahwa  sebanyak 94% responden pengembang komponen mobil listrik menyetujui untuk melakukan adopsi identik terkait dengan pengembangan draft RSNI tersebut. Informasi lain yang diperoleh dari hasil survei pada pengembang mobil listrik/ komponen mobil listrik  yaitu sebanyak 72 % pengembang komponen mobil listrik merupakan pengembang komponen baru dan  28%  merupakan perakit komponen; Sebanyak 78% pengembang komponen mobil listrik telah  mengetahui standar internasional komponen mobil listrik, yaitu ISO dan IEC; serta sebanyak 55 % pengembang komponen menyatakan bahwa standar internasional ISO dan IEC telah digunakan sebagai acuan dalam pengembangan komponen mobil listrik di institusi. \nDari hasil penelitian juga didapatkan bahwa sebanyak 62,5% responden mampu melakukan pengujian terkait  parameter yang sesuai dengan draft RSNI IEC 62660-1 dan draft RSNI IEC 62660-2. Sebanyak 37,5% responden (dari total 8 responden pengembang baterai) belum mampu melakukan pengujian terkait  parameter yang terdapat dalam kedua standar tersebut.  Untuk draft RSNI IEC 62660-1, terdapat 3 parameter pengujian yang belum dapat diujikan); sedangkan untuk draft RSNI IEC 62660-2 terdapat 9 parameter pengujian yang belum dapat diujikan. Untuk pemenuhan parameter  pengujian yang terdapat dalam draft RSNI IEC 62660-1 dan draft RSNI IEC 62660-2, sebagian besar responden mengalami kendala terkait ketersediaan peralatan pengujian (peralatan pengkondisian ruang uji). Hal tersebut dikarenakan pada saat pengujian beberapa parameter uji mempersyaratkan kondisi uji pada suhu-suhu tertentu. Namun demikian, kendala tersebut  akan teratasi dengan pengadaan alat pengujian yang akan dilakukan oleh para pengembang mobil listrik.\nRekomendasi yang diperoleh dari penelitian ini, yaitu mengusulkan kepada komtek 43.01 melalui PPS untuk mengadopsi identik ISO/TR 8713:2012, IEC 62660-1, IEC 62660-2 menjadi SNI. Diperlu pemberian insentif kepada pengembang komponen mobil listrik dalam rangka pemenuhan parameter-parameter yang belum mampu diterapkan dalam draft RSNI  IEC 62660-1 dan draft RSNI IEC 62660-2. Perlu melibatkan pengembang komponen mobil listrik dalam rangka pengembangan SNI komponen lain mobil listrik.\n', '', 'penelitian', 6, '2015', 0, 'unpublish', '2016-11-25 17:10:28', '2016-11-25 17:10:28', NULL),
(161, 'dampak-pemberlakuan-sni-kelompok-mainan-anak-secara-wajib-pada-industri-dan-lpk-dan-penyusunan-kategori-sni-mainan-anak-test', 'Dampak Pemberlakuan SNI Kelompok Mainan Anak Secara Wajib pada Industri dan LPK, dan Penyusunan Kategori SNI Mainan Anak test', 'Penelitian ini bertujuan untuk menyusun suatu panduan informasi mengenai mainan anak dengan SNI dan standar terkait dalam rangka pelaksanaan penerapan SNI mainan anak secara wajib. Selain itu penelitian ini juga bertujuan untuk menganalisis dampak pemberlakuan SNI mainan anak secara wajib terhadap produsen, importir, distributor, LSPro dan laboratorium penguji. \n Panduan mainan anak disusun dengan maksud memberikan informasi kepada stakeholder mainan anak dan masyarakat umum (konsumen) mengenai batasan produk mainan anak yang masuk dalam persyaratan SNI produk mainan anak (SNI ISO 8124) secara wajib dan batasan produk mainan anak yang tidak masuk dalam kategori produk yang dipersyaratkan dalam standar tersebut serta sejumlah informasi penting lainnya terkait persyaratan SNI mainan anak dan beberapa persoalan definisi mainan anak. Adapun dalam analisis dampak digunakan sejumlah parameter atau variabel yang dianggap penting untuk perbaikan sebagai respon stakeholder dari kebijakan tersebut, yang meliputi: perubahan investasi, ekspansi pasar, harga jual produk, jumlah pemasok, harga bahan baku, biaya produksi, volume penjualan, pangsa pasar, jumlah pengaduan, permintaan sertifikasi/pengujian, lama waktu sertifikasi, biaya sertifikasi, perbedaan hasil uji, ketidakjelasan mengenai kelompok HS mainan. Setiap parameter tersebut dipotret sebagai suatu yang meningkat (naik), menurun (turun) atau konstan (tetap) bagi stakeholder. \n Hasilnya menunjukkan bahwa bagi industri, importir dan distributor pemberlakuan SNI mainan anak secara wajib berdampak pada peningkatan harga jual produk yang disebabkan oleh adanya biaya sertifikasi mainan anak. Selain itu juga kebijakan ini juga berdampak pada penurunan volume penjualan. Hal ini mungkin disebabkan oleh peningkatan harga jual produk mainan anak, yang kemudian berimplikasi pada penurunan daya beli masyarakat. Daya beli masyarakat yang menurun akan berdampak penurunan volume penjualan mainan anak oleh produsen, importir dan distributor. Namun peningkatan harga jual produk mainan anak terjadi sebagai akibat pelemahan nilai rupiah (nilai tukar US$ naik di tahun 2015) terhadap dollar, sehingga diakui sedikit memperlambat mobilisasi impor mainan anak (kualitas medium ke atas). Akibatnya, mainan impor (kualitas medium ke bawah) menjadi preferensi konsumen terkhusus mainan anak kelompok “mainan lain-lain” karena lebih murah. Di sisi lain pemberlakuan SNI mainan anak secara wajib berdampak pada kecenderungan peningkatan jumlah modal (operasional) yang disebabkan adanya penambahan biaya untuk sertifikasi dan perubahan bahan baku akibat persyaratan SNI. Kebijakan ini juga berdampak pada ekspansi pasar produk mainan anak yang cenderung stagnan artinya industri merasakan tidak adanya perubahan pangsa pasar yang dimilikinya. Selain itu juga, kebijakan ini tidak memberikan dampak kenaikan yang signifikan terhadap jumlah pemasok, harga bahan baku, volume ekspor, dan jumlah pengaduan. \n Bagi importir dan distributor, daya saing produk mainan di pasar tetap tinggi karena meskipun daya beli pasar sedikit mengalami penurunan namun produk mainan impor masih menjadi minat masyarakat Indonesia. Karena komposisi sosial ekonomi masyarakat Indonesia adalah 39,6% kelas bawah dan 25,15% kelas menengah. Jika ditotal 64,75% merupakan kelas menengah-bawah. Masih rasional apabila mainan impor murah masih menjadi preferensi masyarakat. \nDari sudut pandang lain dapat disimpulkan bahwa pemberlakuan SNI mainan anak secara wajib menimbulkan sejumlah masalah terkait industri di lapangan yang harus dibenahi yaitu: metode pengambilan contoh, ketersediaan cat mainan anak sesuai SNI, masa sertifikasi yang membebani industri, biaya sertifikasi yang membebani UKM, adaptasi regulasi dengan UKM, inkonsistensi pelaporan hasil produksi, perubahan bahan baku yang menaikkan harga jual. \nBagi LSPro dan laboratorium uji, pemberlakuan SNI mainan anak secara wajib berdampak yang paling dominan adalah pada peningkatan perbedaaan hasil uji antar laboratorium yang diantaranya disebabkan belum adanya hasil uji profisiensi mainan anak. Secara umum kebijakan ini berdampak pada peningkatan permintaan sertifikasi/pengujian, peningkatan waktu sertifikasi, peningkatan biaya sertifikasi, peningkatan ketidakjelasan kategori mainan anak, peningkatan parameter tidak memenuhi hasil uji dan peningkatan jumlah pengaduan. Dari sudut pandang lain dapat disimpulkan bahwa pemberlakuan SNI mainan anak secara wajib menimbulkan sejumlah masalah terkait laboratorium uji yang belum ditunjuk atau diakreditasi KAN, pelabelan SNI yang beragam di lapangan, perbedaan hasil uji menimbulkan kerancuan hasil SHU, tanggungjawab LSPro terkait sertifikasi produk terurai, tanggungjawab BSN terhadap logo SNI dan belum adanya parameter pengujian LED dalam juknis. Peningkatan perbedaan hasil uji justru semakin tinggi dialami oleh LSPro dan laboratorium uji yang disebabkan oleh perbedaan SDM, metode uji, alat kalibrasi, dan belum adanya uji profisiensi.\nSejumlah rekomendasi terkait regulasi, juknis,  SNI dan instansi teknis diuraikan dalam penelitian ini (subbab 4.11).\n\n\nLorem Ipsum Lorem Ipsum Lorem Ipsum Lorem Ipsum Lorem Ipsum Lorem Ipsum Lorem Ipsum Lorem Ipsum Lorem Ipsum Lorem Ipsum Lorem Ipsum Lorem Ipsum Lorem Ipsum Lorem Ipsum Lorem Ipsum Lorem Ipsum Lorem Ipsum Lorem Ipsum Lorem Ipsum Lorem Ipsum Lorem Ipsum Lorem Ipsum Lorem Ipsum Lorem Ipsum Lorem Ipsum Lorem Ipsum Lorem Ipsum Lorem Ipsum Lorem Ipsum Lorem Ipsum ', 'Penelitian ini bertujuan untuk menyusun suatu panduan informasi mengenai mainan anak dengan SNI dan standar terkait dalam rangka pelaksanaan penerapan SNI mainan anak secara wajib. Selain itu penelitian ini juga bertujuan untuk menganalisis dampak pemberlakuan SNI mainan anak secara wajib terhadap produsen, importir, distributor, LSPro dan laboratorium penguji. \n Panduan mainan anak disusun dengan maksud memberikan informasi kepada stakeholder mainan anak dan masyarakat umum (konsumen) mengenai batasan produk mainan anak yang masuk dalam persyaratan SNI produk mainan anak (SNI ISO 8124) secara wajib dan batasan produk mainan anak yang tidak masuk dalam kategori produk yang dipersyaratkan dalam standar tersebut serta sejumlah informasi penting lainnya terkait persyaratan SNI mainan anak dan beberapa persoalan definisi mainan anak. Adapun dalam analisis dampak digunakan sejumlah parameter atau variabel yang dianggap penting untuk perbaikan sebagai respon stakeholder dari kebijakan tersebut, yang meliputi: perubahan investasi, ekspansi pasar, harga jual produk, jumlah pemasok, harga bahan baku, biaya produksi, volume penjualan, pangsa pasar, jumlah pengaduan, permintaan sertifikasi/pengujian, lama waktu sertifikasi, biaya sertifikasi, perbedaan hasil uji, ketidakjelasan mengenai kelompok HS mainan. Setiap parameter tersebut dipotret sebagai suatu yang meningkat (naik), menurun (turun) atau konstan (tetap) bagi stakeholder. \n Hasilnya menunjukkan bahwa bagi industri, importir dan distributor pemberlakuan SNI mainan anak secara wajib berdampak pada peningkatan harga jual produk yang disebabkan oleh adanya biaya sertifikasi mainan anak. Selain itu juga kebijakan ini juga berdampak pada penurunan volume penjualan. Hal ini mungkin disebabkan oleh peningkatan harga jual produk mainan anak, yang kemudian berimplikasi pada penurunan daya beli masyarakat. Daya beli masyarakat yang menurun akan berdampak penurunan volume penjualan mainan anak oleh produsen, importir dan distributor. Namun peningkatan harga jual produk mainan anak terjadi sebagai akibat pelemahan nilai rupiah (nilai tukar US$ naik di tahun 2015) terhadap dollar, sehingga diakui sedikit memperlambat mobilisasi impor mainan anak (kualitas medium ke atas). Akibatnya, mainan impor (kualitas medium ke bawah) menjadi preferensi konsumen terkhusus mainan anak kelompok “mainan lain-lain” karena lebih murah. Di sisi lain pemberlakuan SNI mainan anak secara wajib berdampak pada kecenderungan peningkatan jumlah modal (operasional) yang disebabkan adanya penambahan biaya untuk sertifikasi dan perubahan bahan baku akibat persyaratan SNI. Kebijakan ini juga berdampak pada ekspansi pasar produk mainan anak yang cenderung stagnan artinya industri merasakan tidak adanya perubahan pangsa pasar yang dimilikinya. Selain itu juga, kebijakan ini tidak memberikan dampak kenaikan yang signifikan terhadap jumlah pemasok, harga bahan baku, volume ekspor, dan jumlah pengaduan. \n Bagi importir dan distributor, daya saing produk mainan di pasar tetap tinggi karena meskipun daya beli pasar sedikit mengalami penurunan namun produk mainan impor masih menjadi minat masyarakat Indonesia. Karena komposisi sosial ekonomi masyarakat Indonesia adalah 39,6% kelas bawah dan 25,15% kelas menengah. Jika ditotal 64,75% merupakan kelas menengah-bawah. Masih rasional apabila mainan impor murah masih menjadi preferensi masyarakat. \nDari sudut pandang lain dapat disimpulkan bahwa pemberlakuan SNI mainan anak secara wajib menimbulkan sejumlah masalah terkait industri di lapangan yang harus dibenahi yaitu: metode pengambilan contoh, ketersediaan cat mainan anak sesuai SNI, masa sertifikasi yang membebani industri, biaya sertifikasi yang membebani UKM, adaptasi regulasi dengan UKM, inkonsistensi pelaporan hasil produksi, perubahan bahan baku yang menaikkan harga jual. \nBagi LSPro dan laboratorium uji, pemberlakuan SNI mainan anak secara wajib berdampak yang paling dominan adalah pada peningkatan perbedaaan hasil uji antar laboratorium yang diantaranya disebabkan belum adanya hasil uji profisiensi mainan anak. Secara umum kebijakan ini berdampak pada peningkatan permintaan sertifikasi/pengujian, peningkatan waktu sertifikasi, peningkatan biaya sertifikasi, peningkatan ketidakjelasan kategori mainan anak, peningkatan parameter tidak memenuhi hasil uji dan peningkatan jumlah pengaduan. Dari sudut pandang lain dapat disimpulkan bahwa pemberlakuan SNI mainan anak secara wajib menimbulkan sejumlah masalah terkait laboratorium uji yang belum ditunjuk atau diakreditasi KAN, pelabelan SNI yang beragam di lapangan, perbedaan hasil uji menimbulkan kerancuan hasil SHU, tanggungjawab LSPro terkait sertifikasi produk terurai, tanggungjawab BSN terhadap logo SNI dan belum adanya parameter pengujian LED dalam juknis. Peningkatan perbedaan hasil uji justru semakin tinggi dialami oleh LSPro dan laboratorium uji yang disebabkan oleh perbedaan SDM, metode uji, alat kalibrasi, dan belum adanya uji profisiensi.\nSejumlah rekomendasi terkait regulasi, juknis,  SNI dan instansi teknis diuraikan dalam penelitian ini (subbab 4.11).\n\n\nLorem Ipsum Lorem Ipsum Lorem Ipsum Lorem Ipsum Lorem Ipsum Lorem Ipsum Lorem Ipsum Lorem Ipsum Lorem Ipsum Lorem Ipsum Lorem Ipsum Lorem Ipsum Lorem Ipsum Lorem Ipsum Lorem Ipsum Lorem Ipsum Lorem Ipsum Lorem Ipsum Lorem Ipsum Lorem Ipsum Lorem Ipsum Lorem Ipsum Lorem Ipsum Lorem Ipsum Lorem Ipsum Lorem Ipsum Lorem Ipsum Lorem Ipsum Lorem Ipsum Lorem Ipsum ', '', 'penelitian', 6, '2015', 0, 'unpublish', '2016-11-26 13:42:30', '2016-11-26 13:42:30', NULL),
(162, 'dampak-pemberlakuan-sni-kelompok-mainan-anak-secara-wajib-pada-industri-dan-lpk-dan-penyusunan-kategori-sni-mainan-anak-test-1', 'Dampak Pemberlakuan SNI Kelompok Mainan Anak Secara Wajib pada Industri dan LPK, dan Penyusunan Kategori SNI Mainan Anak test 1', 'Penelitian ini bertujuan untuk menyusun suatu panduan informasi mengenai mainan anak dengan SNI dan standar terkait dalam rangka pelaksanaan penerapan SNI mainan anak secara wajib. Selain itu penelitian ini juga bertujuan untuk menganalisis dampak pemberlakuan SNI mainan anak secara wajib terhadap produsen, importir, distributor, LSPro dan laboratorium penguji. \n Panduan mainan anak disusun dengan maksud memberikan informasi kepada stakeholder mainan anak dan masyarakat umum (konsumen) mengenai batasan produk mainan anak yang masuk dalam persyaratan SNI produk mainan anak (SNI ISO 8124) secara wajib dan batasan produk mainan anak yang tidak masuk dalam kategori produk yang dipersyaratkan dalam standar tersebut serta sejumlah informasi penting lainnya terkait persyaratan SNI mainan anak dan beberapa persoalan definisi mainan anak. Adapun dalam analisis dampak digunakan sejumlah parameter atau variabel yang dianggap penting untuk perbaikan sebagai respon stakeholder dari kebijakan tersebut, yang meliputi: perubahan investasi, ekspansi pasar, harga jual produk, jumlah pemasok, harga bahan baku, biaya produksi, volume penjualan, pangsa pasar, jumlah pengaduan, permintaan sertifikasi/pengujian, lama waktu sertifikasi, biaya sertifikasi, perbedaan hasil uji, ketidakjelasan mengenai kelompok HS mainan. Setiap parameter tersebut dipotret sebagai suatu yang meningkat (naik), menurun (turun) atau konstan (tetap) bagi stakeholder. \n Hasilnya menunjukkan bahwa bagi industri, importir dan distributor pemberlakuan SNI mainan anak secara wajib berdampak pada peningkatan harga jual produk yang disebabkan oleh adanya biaya sertifikasi mainan anak. Selain itu juga kebijakan ini juga berdampak pada penurunan volume penjualan. Hal ini mungkin disebabkan oleh peningkatan harga jual produk mainan anak, yang kemudian berimplikasi pada penurunan daya beli masyarakat. Daya beli masyarakat yang menurun akan berdampak penurunan volume penjualan mainan anak oleh produsen, importir dan distributor. Namun peningkatan harga jual produk mainan anak terjadi sebagai akibat pelemahan nilai rupiah (nilai tukar US$ naik di tahun 2015) terhadap dollar, sehingga diakui sedikit memperlambat mobilisasi impor mainan anak (kualitas medium ke atas). Akibatnya, mainan impor (kualitas medium ke bawah) menjadi preferensi konsumen terkhusus mainan anak kelompok “mainan lain-lain” karena lebih murah. Di sisi lain pemberlakuan SNI mainan anak secara wajib berdampak pada kecenderungan peningkatan jumlah modal (operasional) yang disebabkan adanya penambahan biaya untuk sertifikasi dan perubahan bahan baku akibat persyaratan SNI. Kebijakan ini juga berdampak pada ekspansi pasar produk mainan anak yang cenderung stagnan artinya industri merasakan tidak adanya perubahan pangsa pasar yang dimilikinya. Selain itu juga, kebijakan ini tidak memberikan dampak kenaikan yang signifikan terhadap jumlah pemasok, harga bahan baku, volume ekspor, dan jumlah pengaduan. \n Bagi importir dan distributor, daya saing produk mainan di pasar tetap tinggi karena meskipun daya beli pasar sedikit mengalami penurunan namun produk mainan impor masih menjadi minat masyarakat Indonesia. Karena komposisi sosial ekonomi masyarakat Indonesia adalah 39,6% kelas bawah dan 25,15% kelas menengah. Jika ditotal 64,75% merupakan kelas menengah-bawah. Masih rasional apabila mainan impor murah masih menjadi preferensi masyarakat. \nDari sudut pandang lain dapat disimpulkan bahwa pemberlakuan SNI mainan anak secara wajib menimbulkan sejumlah masalah terkait industri di lapangan yang harus dibenahi yaitu: metode pengambilan contoh, ketersediaan cat mainan anak sesuai SNI, masa sertifikasi yang membebani industri, biaya sertifikasi yang membebani UKM, adaptasi regulasi dengan UKM, inkonsistensi pelaporan hasil produksi, perubahan bahan baku yang menaikkan harga jual. \nBagi LSPro dan laboratorium uji, pemberlakuan SNI mainan anak secara wajib berdampak yang paling dominan adalah pada peningkatan perbedaaan hasil uji antar laboratorium yang diantaranya disebabkan belum adanya hasil uji profisiensi mainan anak. Secara umum kebijakan ini berdampak pada peningkatan permintaan sertifikasi/pengujian, peningkatan waktu sertifikasi, peningkatan biaya sertifikasi, peningkatan ketidakjelasan kategori mainan anak, peningkatan parameter tidak memenuhi hasil uji dan peningkatan jumlah pengaduan. Dari sudut pandang lain dapat disimpulkan bahwa pemberlakuan SNI mainan anak secara wajib menimbulkan sejumlah masalah terkait laboratorium uji yang belum ditunjuk atau diakreditasi KAN, pelabelan SNI yang beragam di lapangan, perbedaan hasil uji menimbulkan kerancuan hasil SHU, tanggungjawab LSPro terkait sertifikasi produk terurai, tanggungjawab BSN terhadap logo SNI dan belum adanya parameter pengujian LED dalam juknis. Peningkatan perbedaan hasil uji justru semakin tinggi dialami oleh LSPro dan laboratorium uji yang disebabkan oleh perbedaan SDM, metode uji, alat kalibrasi, dan belum adanya uji profisiensi.\nSejumlah rekomendasi terkait regulasi, juknis,  SNI dan instansi teknis diuraikan dalam penelitian ini (subbab 4.11).\n\n\nLorem Ipsum Lorem Ipsum Lorem Ipsum Lorem Ipsum Lorem Ipsum Lorem Ipsum Lorem Ipsum Lorem Ipsum Lorem Ipsum Lorem Ipsum Lorem Ipsum Lorem Ipsum Lorem Ipsum Lorem Ipsum Lorem Ipsum Lorem Ipsum Lorem Ipsum Lorem Ipsum Lorem Ipsum Lorem Ipsum Lorem Ipsum Lorem Ipsum Lorem Ipsum Lorem Ipsum Lorem Ipsum Lorem Ipsum Lorem Ipsum Lorem Ipsum Lorem Ipsum Lorem Ipsum ', 'Penelitian ini bertujuan untuk menyusun suatu panduan informasi mengenai mainan anak dengan SNI dan standar terkait dalam rangka pelaksanaan penerapan SNI mainan anak secara wajib. Selain itu penelitian ini juga bertujuan untuk menganalisis dampak pemberlakuan SNI mainan anak secara wajib terhadap produsen, importir, distributor, LSPro dan laboratorium penguji. \n Panduan mainan anak disusun dengan maksud memberikan informasi kepada stakeholder mainan anak dan masyarakat umum (konsumen) mengenai batasan produk mainan anak yang masuk dalam persyaratan SNI produk mainan anak (SNI ISO 8124) secara wajib dan batasan produk mainan anak yang tidak masuk dalam kategori produk yang dipersyaratkan dalam standar tersebut serta sejumlah informasi penting lainnya terkait persyaratan SNI mainan anak dan beberapa persoalan definisi mainan anak. Adapun dalam analisis dampak digunakan sejumlah parameter atau variabel yang dianggap penting untuk perbaikan sebagai respon stakeholder dari kebijakan tersebut, yang meliputi: perubahan investasi, ekspansi pasar, harga jual produk, jumlah pemasok, harga bahan baku, biaya produksi, volume penjualan, pangsa pasar, jumlah pengaduan, permintaan sertifikasi/pengujian, lama waktu sertifikasi, biaya sertifikasi, perbedaan hasil uji, ketidakjelasan mengenai kelompok HS mainan. Setiap parameter tersebut dipotret sebagai suatu yang meningkat (naik), menurun (turun) atau konstan (tetap) bagi stakeholder. \n Hasilnya menunjukkan bahwa bagi industri, importir dan distributor pemberlakuan SNI mainan anak secara wajib berdampak pada peningkatan harga jual produk yang disebabkan oleh adanya biaya sertifikasi mainan anak. Selain itu juga kebijakan ini juga berdampak pada penurunan volume penjualan. Hal ini mungkin disebabkan oleh peningkatan harga jual produk mainan anak, yang kemudian berimplikasi pada penurunan daya beli masyarakat. Daya beli masyarakat yang menurun akan berdampak penurunan volume penjualan mainan anak oleh produsen, importir dan distributor. Namun peningkatan harga jual produk mainan anak terjadi sebagai akibat pelemahan nilai rupiah (nilai tukar US$ naik di tahun 2015) terhadap dollar, sehingga diakui sedikit memperlambat mobilisasi impor mainan anak (kualitas medium ke atas). Akibatnya, mainan impor (kualitas medium ke bawah) menjadi preferensi konsumen terkhusus mainan anak kelompok “mainan lain-lain” karena lebih murah. Di sisi lain pemberlakuan SNI mainan anak secara wajib berdampak pada kecenderungan peningkatan jumlah modal (operasional) yang disebabkan adanya penambahan biaya untuk sertifikasi dan perubahan bahan baku akibat persyaratan SNI. Kebijakan ini juga berdampak pada ekspansi pasar produk mainan anak yang cenderung stagnan artinya industri merasakan tidak adanya perubahan pangsa pasar yang dimilikinya. Selain itu juga, kebijakan ini tidak memberikan dampak kenaikan yang signifikan terhadap jumlah pemasok, harga bahan baku, volume ekspor, dan jumlah pengaduan. \n Bagi importir dan distributor, daya saing produk mainan di pasar tetap tinggi karena meskipun daya beli pasar sedikit mengalami penurunan namun produk mainan impor masih menjadi minat masyarakat Indonesia. Karena komposisi sosial ekonomi masyarakat Indonesia adalah 39,6% kelas bawah dan 25,15% kelas menengah. Jika ditotal 64,75% merupakan kelas menengah-bawah. Masih rasional apabila mainan impor murah masih menjadi preferensi masyarakat. \nDari sudut pandang lain dapat disimpulkan bahwa pemberlakuan SNI mainan anak secara wajib menimbulkan sejumlah masalah terkait industri di lapangan yang harus dibenahi yaitu: metode pengambilan contoh, ketersediaan cat mainan anak sesuai SNI, masa sertifikasi yang membebani industri, biaya sertifikasi yang membebani UKM, adaptasi regulasi dengan UKM, inkonsistensi pelaporan hasil produksi, perubahan bahan baku yang menaikkan harga jual. \nBagi LSPro dan laboratorium uji, pemberlakuan SNI mainan anak secara wajib berdampak yang paling dominan adalah pada peningkatan perbedaaan hasil uji antar laboratorium yang diantaranya disebabkan belum adanya hasil uji profisiensi mainan anak. Secara umum kebijakan ini berdampak pada peningkatan permintaan sertifikasi/pengujian, peningkatan waktu sertifikasi, peningkatan biaya sertifikasi, peningkatan ketidakjelasan kategori mainan anak, peningkatan parameter tidak memenuhi hasil uji dan peningkatan jumlah pengaduan. Dari sudut pandang lain dapat disimpulkan bahwa pemberlakuan SNI mainan anak secara wajib menimbulkan sejumlah masalah terkait laboratorium uji yang belum ditunjuk atau diakreditasi KAN, pelabelan SNI yang beragam di lapangan, perbedaan hasil uji menimbulkan kerancuan hasil SHU, tanggungjawab LSPro terkait sertifikasi produk terurai, tanggungjawab BSN terhadap logo SNI dan belum adanya parameter pengujian LED dalam juknis. Peningkatan perbedaan hasil uji justru semakin tinggi dialami oleh LSPro dan laboratorium uji yang disebabkan oleh perbedaan SDM, metode uji, alat kalibrasi, dan belum adanya uji profisiensi.\nSejumlah rekomendasi terkait regulasi, juknis,  SNI dan instansi teknis diuraikan dalam penelitian ini (subbab 4.11).\n\n\nLorem Ipsum Lorem Ipsum Lorem Ipsum Lorem Ipsum Lorem Ipsum Lorem Ipsum Lorem Ipsum Lorem Ipsum Lorem Ipsum Lorem Ipsum Lorem Ipsum Lorem Ipsum Lorem Ipsum Lorem Ipsum Lorem Ipsum Lorem Ipsum Lorem Ipsum Lorem Ipsum Lorem Ipsum Lorem Ipsum Lorem Ipsum Lorem Ipsum Lorem Ipsum Lorem Ipsum Lorem Ipsum Lorem Ipsum Lorem Ipsum Lorem Ipsum Lorem Ipsum Lorem Ipsum ', '', 'penelitian', 6, '2015', 0, 'unpublish', '2016-11-26 13:55:37', '2016-11-26 13:55:37', NULL),
(163, 'sadaas', 'sadaas', 'czxc', '', '', 'publikasi', 6, '2015', 0, 'publish', '2016-11-29 15:59:20', '2016-11-29 15:59:20', NULL);

-- --------------------------------------------------------

--
-- Table structure for table `article_content_repos`
--

CREATE TABLE IF NOT EXISTS `article_content_repos` (
  `id` int(10) unsigned NOT NULL AUTO_INCREMENT,
  `article_content_id` int(10) unsigned NOT NULL,
  `title` varchar(255) COLLATE utf8_unicode_ci NOT NULL,
  `intro` text COLLATE utf8_unicode_ci NOT NULL,
  `description` text COLLATE utf8_unicode_ci NOT NULL,
  `file` varchar(255) COLLATE utf8_unicode_ci NOT NULL,
  `views` int(11) NOT NULL,
  `status` enum('publish','unpublish') COLLATE utf8_unicode_ci NOT NULL DEFAULT 'publish',
  `created_at` timestamp NULL DEFAULT NULL,
  `updated_at` timestamp NULL DEFAULT NULL,
  PRIMARY KEY (`id`),
  KEY `article_content_repos_article_content_id_foreign` (`article_content_id`)
) ENGINE=InnoDB DEFAULT CHARSET=utf8 COLLATE=utf8_unicode_ci AUTO_INCREMENT=1 ;

-- --------------------------------------------------------

--
-- Table structure for table `cruds`
--

CREATE TABLE IF NOT EXISTS `cruds` (
  `id` int(10) unsigned NOT NULL AUTO_INCREMENT,
  `title` varchar(255) COLLATE utf8_unicode_ci NOT NULL,
  `description` text COLLATE utf8_unicode_ci NOT NULL,
  `image` varchar(255) COLLATE utf8_unicode_ci NOT NULL,
  `status` enum('y','n') COLLATE utf8_unicode_ci NOT NULL DEFAULT 'n',
  `created_at` timestamp NULL DEFAULT NULL,
  `updated_at` timestamp NULL DEFAULT NULL,
  PRIMARY KEY (`id`)
) ENGINE=InnoDB DEFAULT CHARSET=utf8 COLLATE=utf8_unicode_ci AUTO_INCREMENT=1 ;

-- --------------------------------------------------------

--
-- Table structure for table `expertises`
--

CREATE TABLE IF NOT EXISTS `expertises` (
  `id` int(10) unsigned NOT NULL AUTO_INCREMENT,
  `name` varchar(255) COLLATE utf8_unicode_ci NOT NULL,
  `created_at` timestamp NULL DEFAULT NULL,
  `updated_at` timestamp NULL DEFAULT NULL,
  PRIMARY KEY (`id`)
) ENGINE=InnoDB  DEFAULT CHARSET=utf8 COLLATE=utf8_unicode_ci AUTO_INCREMENT=12 ;

--
-- Dumping data for table `expertises`
--

INSERT INTO `expertises` (`id`, `name`, `created_at`, `updated_at`) VALUES
(1, 'Mekanika', NULL, NULL),
(2, 'Elektronika', NULL, NULL),
(3, 'Pertanian', NULL, NULL),
(4, 'Pangan', NULL, NULL),
(5, 'Kesehatan', NULL, NULL),
(6, 'Kimia', NULL, NULL),
(7, 'Pertambangan', NULL, NULL),
(8, 'Lingkungan', NULL, NULL),
(10, 'Lorem Ipsum ', '2016-10-08 06:37:04', '2016-10-08 06:37:04'),
(11, 'Fisika', '2016-10-14 15:40:40', '2016-10-14 15:40:40');

-- --------------------------------------------------------

--
-- Table structure for table `interest_groups`
--

CREATE TABLE IF NOT EXISTS `interest_groups` (
  `id` int(10) unsigned NOT NULL AUTO_INCREMENT,
  `name` varchar(255) COLLATE utf8_unicode_ci NOT NULL,
  `code` varchar(255) COLLATE utf8_unicode_ci NOT NULL,
  `created_at` timestamp NULL DEFAULT NULL,
  `updated_at` timestamp NULL DEFAULT NULL,
  PRIMARY KEY (`id`)
) ENGINE=InnoDB  DEFAULT CHARSET=utf8 COLLATE=utf8_unicode_ci AUTO_INCREMENT=5 ;

--
-- Dumping data for table `interest_groups`
--

INSERT INTO `interest_groups` (`id`, `name`, `code`, `created_at`, `updated_at`) VALUES
(1, 'Kimia dan Pertambangan (KP)', 'KP', NULL, NULL),
(2, 'Mekanika, Elektronika dan Konstruksi (MEK)', 'MEK', NULL, NULL),
(3, 'Pertanian, Pangan dan Kesehatan (PPK)', 'PPK', NULL, NULL),
(4, 'Lingkungan dan Serbaneka (LS)', 'LS', NULL, NULL);

-- --------------------------------------------------------

--
-- Table structure for table `menus`
--

CREATE TABLE IF NOT EXISTS `menus` (
  `id` int(10) unsigned NOT NULL AUTO_INCREMENT,
  `parent_id` int(10) unsigned DEFAULT NULL,
  `title` varchar(255) COLLATE utf8_unicode_ci NOT NULL,
  `controller` varchar(255) COLLATE utf8_unicode_ci NOT NULL,
  `slug` varchar(255) COLLATE utf8_unicode_ci NOT NULL,
  `order` int(11) NOT NULL,
  `icon` varchar(255) COLLATE utf8_unicode_ci NOT NULL,
  `created_at` timestamp NULL DEFAULT NULL,
  `updated_at` timestamp NULL DEFAULT NULL,
  PRIMARY KEY (`id`),
  KEY `menus_parent_id_foreign` (`parent_id`),
  KEY `menus_controller_index` (`controller`),
  KEY `menus_slug_index` (`slug`)
) ENGINE=InnoDB  DEFAULT CHARSET=utf8 COLLATE=utf8_unicode_ci AUTO_INCREMENT=25 ;

--
-- Dumping data for table `menus`
--

INSERT INTO `menus` (`id`, `parent_id`, `title`, `controller`, `slug`, `order`, `icon`, `created_at`, `updated_at`) VALUES
(1, NULL, 'Dashboard', 'DashboardController', 'dashboard', 1, '', NULL, NULL),
(2, NULL, 'Development', '#', 'development', 22, '', NULL, '2016-03-22 02:48:49'),
(3, 2, 'Menu', 'MenuController', 'menu', 1, '', NULL, NULL),
(9, 2, 'Action', 'ActionController', 'action', 2, '', '2016-03-22 00:47:57', '2016-03-22 00:47:57'),
(10, NULL, 'User', '#', 'user', 2, '', '2016-03-22 02:48:39', '2016-03-22 02:48:39'),
(11, 10, 'Role', 'RoleController', 'role', 1, '', '2016-03-22 02:49:40', '2016-03-22 02:49:40'),
(12, 10, 'Manage User', 'UserController', 'manage-user', 3, '', '2016-03-22 05:10:31', '2016-03-22 05:10:31'),
(13, 10, 'Profile', 'ProfileController', 'profile', 9, '', '2016-03-23 00:49:10', '2016-03-23 00:49:10'),
(14, NULL, 'Media Library', '#', 'media-library', 10, '', '2016-03-23 02:40:57', '2016-03-23 02:40:57'),
(15, 14, 'Files', 'ImageController', 'image', 1, '', '2016-03-23 02:41:14', '2016-11-08 16:07:34'),
(16, 2, 'Crud', 'CrudController', 'crud', 7, '', '2016-03-23 03:13:58', '2016-03-23 03:13:58'),
(19, NULL, 'Master', '#', 'master', 1, '', '2016-10-02 14:49:08', '2016-10-02 14:49:08'),
(20, 19, 'Data Penelitian', 'Master\\PenelitianController', 'data-penelitian', 1, '', '2016-10-02 14:49:08', '2016-10-02 14:49:08'),
(21, 19, 'Data Pendukung', 'Master\\DataPendukungController', 'data-pendukung', 1, '', '2016-10-02 14:49:08', '2016-10-02 14:49:08'),
(22, 19, 'Data Publikasi', 'Master\\PublikasiController', 'data-publikasi', 1, '', '2016-10-02 14:49:08', '2016-10-02 14:49:08'),
(23, 19, 'Data Personel', 'Master\\PersonelController', 'data-personel', 1, '', '2016-10-02 14:49:08', '2016-10-02 14:49:08'),
(24, 19, 'Program Pendukung', 'Master\\ProgramController', 'data-program', 1, '', '2016-10-02 14:49:08', '2016-10-02 14:49:08');

-- --------------------------------------------------------

--
-- Table structure for table `menu_actions`
--

CREATE TABLE IF NOT EXISTS `menu_actions` (
  `id` int(10) unsigned NOT NULL AUTO_INCREMENT,
  `menu_id` int(10) unsigned NOT NULL,
  `action_id` int(10) unsigned NOT NULL,
  `created_at` timestamp NULL DEFAULT NULL,
  `updated_at` timestamp NULL DEFAULT NULL,
  PRIMARY KEY (`id`),
  KEY `menu_actions_menu_id_foreign` (`menu_id`),
  KEY `menu_actions_action_id_foreign` (`action_id`)
) ENGINE=InnoDB  DEFAULT CHARSET=utf8 COLLATE=utf8_unicode_ci AUTO_INCREMENT=71 ;

--
-- Dumping data for table `menu_actions`
--

INSERT INTO `menu_actions` (`id`, `menu_id`, `action_id`, `created_at`, `updated_at`) VALUES
(12, 9, 2, '2016-03-22 02:46:45', '2016-03-22 02:46:45'),
(13, 9, 3, '2016-03-22 02:46:45', '2016-03-22 02:46:45'),
(14, 9, 4, '2016-03-22 02:46:45', '2016-03-22 02:46:45'),
(15, 9, 6, '2016-03-22 02:46:45', '2016-03-22 02:46:45'),
(16, 3, 2, '2016-03-22 02:47:20', '2016-03-22 02:47:20'),
(17, 3, 3, '2016-03-22 02:47:20', '2016-03-22 02:47:20'),
(18, 3, 4, '2016-03-22 02:47:20', '2016-03-22 02:47:20'),
(19, 3, 5, '2016-03-22 02:47:20', '2016-03-22 02:47:20'),
(20, 3, 6, '2016-03-22 02:47:20', '2016-03-22 02:47:20'),
(27, 11, 2, '2016-03-22 04:15:59', '2016-03-22 04:15:59'),
(28, 11, 3, '2016-03-22 04:15:59', '2016-03-22 04:15:59'),
(29, 11, 4, '2016-03-22 04:15:59', '2016-03-22 04:15:59'),
(30, 11, 5, '2016-03-22 04:15:59', '2016-03-22 04:15:59'),
(31, 11, 6, '2016-03-22 04:15:59', '2016-03-22 04:15:59'),
(32, 12, 2, '2016-03-22 05:10:49', '2016-03-22 05:10:49'),
(33, 12, 3, '2016-03-22 05:10:49', '2016-03-22 05:10:49'),
(34, 12, 4, '2016-03-22 05:10:49', '2016-03-22 05:10:49'),
(35, 12, 6, '2016-03-22 05:10:49', '2016-03-22 05:10:49'),
(36, 13, 2, '2016-03-23 00:49:23', '2016-03-23 00:49:23'),
(37, 15, 2, '2016-03-23 02:49:42', '2016-03-23 02:49:42'),
(42, 16, 2, '2016-03-23 05:45:37', '2016-03-23 05:45:37'),
(43, 16, 3, '2016-03-23 05:45:37', '2016-03-23 05:45:37'),
(44, 16, 4, '2016-03-23 05:45:37', '2016-03-23 05:45:37'),
(45, 16, 6, '2016-03-23 05:45:37', '2016-03-23 05:45:37'),
(46, 16, 8, '2016-03-23 05:45:38', '2016-03-23 05:45:38'),
(51, 20, 2, '2016-10-02 14:49:08', '2016-10-02 14:49:08'),
(52, 20, 6, '2016-10-02 14:49:08', '2016-10-02 14:49:08'),
(53, 20, 4, '2016-10-02 14:49:08', '2016-10-02 14:49:08'),
(54, 20, 3, '2016-10-02 14:49:08', '2016-10-02 14:49:08'),
(55, 21, 2, '2016-10-02 14:49:08', '2016-10-02 14:49:08'),
(56, 21, 6, '2016-10-02 14:49:08', '2016-10-02 14:49:08'),
(57, 21, 4, '2016-10-02 14:49:08', '2016-10-02 14:49:08'),
(58, 21, 3, '2016-10-02 14:49:08', '2016-10-02 14:49:08'),
(59, 22, 2, '2016-10-02 14:49:08', '2016-10-02 14:49:08'),
(60, 22, 6, '2016-10-02 14:49:08', '2016-10-02 14:49:08'),
(61, 22, 4, '2016-10-02 14:49:08', '2016-10-02 14:49:08'),
(62, 22, 3, '2016-10-02 14:49:08', '2016-10-02 14:49:08'),
(63, 23, 2, '2016-10-02 14:49:08', '2016-10-02 14:49:08'),
(64, 23, 6, '2016-10-02 14:49:08', '2016-10-02 14:49:08'),
(65, 23, 4, '2016-10-02 14:49:08', '2016-10-02 14:49:08'),
(66, 23, 3, '2016-10-02 14:49:08', '2016-10-02 14:49:08'),
(67, 24, 2, '2016-10-02 14:49:08', '2016-10-02 14:49:08'),
(68, 24, 6, '2016-10-02 14:49:08', '2016-10-02 14:49:08'),
(69, 24, 4, '2016-10-02 14:49:08', '2016-10-02 14:49:08'),
(70, 24, 3, '2016-10-02 14:49:08', '2016-10-02 14:49:08');

-- --------------------------------------------------------

--
-- Table structure for table `migrations`
--

CREATE TABLE IF NOT EXISTS `migrations` (
  `migration` varchar(255) COLLATE utf8_unicode_ci NOT NULL,
  `batch` int(11) NOT NULL
) ENGINE=InnoDB DEFAULT CHARSET=utf8 COLLATE=utf8_unicode_ci;

--
-- Dumping data for table `migrations`
--

INSERT INTO `migrations` (`migration`, `batch`) VALUES
('2014_10_12_000000_create_users_table', 1),
('2014_10_12_100000_create_password_resets_table', 1),
('2016_03_21_085136_create_roles_table', 1),
('2016_03_21_085231_add_fields_in_users_table_part1', 1),
('2016_03_21_085759_create_menus_table', 1),
('2016_03_21_103405_add_field_order_in_menus_table', 1),
('2016_03_22_075205_create_actions_table', 1),
('2016_03_22_085343_create_menu_actions_table', 1),
('2016_03_22_112144_create_rights_table', 1),
('2016_03_22_124429_add_field_username_in_users_table', 1),
('2016_03_22_125816_edit_fk_role_id_in_users_table', 1),
('2016_03_23_100734_create_cruds_table', 1),
('2016_03_23_130035_create_user_activities', 1),
('2016_09_18_161856_create_table_article_contents', 2),
('2016_09_18_162034_create_table_article_content_repos', 3),
('2016_09_18_162306_create_table_researches', 4),
('2016_09_18_162359_create_table_research_groups', 5),
('2016_09_18_162450_create_table_researcher', 6),
('2016_09_18_162736_create_table_researcher_teams', 7),
('2016_09_18_162824_create_table_additional_datas', 8),
('2016_09_18_162903_create_table_publications', 9),
('2016_09_18_162945_create_table_researcher_workshops', 10),
('2016_10_06_080513_add_field_deleted_at_in_article_contents', 11),
('2016_10_06_100757_change_field_recommendation_research', 12),
('2016_10_08_132210_create_table_expertises', 12),
('2016_10_09_001227_add_field_writer_research_teams', 13),
('2016_10_14_205614_create_table_research_locations', 14),
('2016_10_14_220054_create_table_researcher_areas', 15),
('2016_10_14_220439_create_table_interest_groups', 16),
('2016_10_14_221740_add_field_code_in_interest_groups', 17),
('2016_10_15_100921_add_field_slug_in_additional_datas', 18),
('2016_10_27_223735_add_deleted_add_in_researches', 19),
('2016_11_04_150111_add_field_status_in_table_additional_data', 20),
('2016_11_04_164242_add_field_title_in_table_researches', 20),
('2016_11_04_165141_add_field_year_in_table_researches', 20),
('2016_11_04_174202_create_table_research_standard', 20),
('2016_11_06_203150_create_table_research_datas', 21),
('2016_11_04_184236_add_field_intro_year_in_table_publications', 22),
('2016_11_04_190008_add_field_status_in_table_publications', 22),
('2016_11_08_085951_add_value_category_in_article_contents', 23),
('2016_11_08_102127_add_article_content_id_in_additional_data', 24),
('2016_11_25_133144_add_field_type_in_table_user', 25),
('2016_11_25_163645_create_table_software', 26),
('2016_11_25_164223_add_field_status_software', 27),
('2016_11_29_230650_add_field_cv_in_researchers', 28);

-- --------------------------------------------------------

--
-- Table structure for table `password_resets`
--

CREATE TABLE IF NOT EXISTS `password_resets` (
  `email` varchar(255) COLLATE utf8_unicode_ci NOT NULL,
  `token` varchar(255) COLLATE utf8_unicode_ci NOT NULL,
  `created_at` timestamp NOT NULL DEFAULT CURRENT_TIMESTAMP ON UPDATE CURRENT_TIMESTAMP,
  KEY `password_resets_email_index` (`email`),
  KEY `password_resets_token_index` (`token`)
) ENGINE=InnoDB DEFAULT CHARSET=utf8 COLLATE=utf8_unicode_ci;

-- --------------------------------------------------------

--
-- Table structure for table `publications`
--

CREATE TABLE IF NOT EXISTS `publications` (
  `id` int(10) unsigned NOT NULL AUTO_INCREMENT,
  `article_content_id` int(10) unsigned NOT NULL,
  `title` varchar(255) COLLATE utf8_unicode_ci NOT NULL,
  `intro` text COLLATE utf8_unicode_ci NOT NULL,
  `category` enum('jurnal','prosiding','lainnya') COLLATE utf8_unicode_ci NOT NULL,
  `volume` varchar(255) COLLATE utf8_unicode_ci NOT NULL,
  `abstract` text COLLATE utf8_unicode_ci NOT NULL,
  `conclusion` text COLLATE utf8_unicode_ci NOT NULL,
  `recommendation` text COLLATE utf8_unicode_ci NOT NULL,
  `file` varchar(255) COLLATE utf8_unicode_ci NOT NULL,
  `year` varchar(255) COLLATE utf8_unicode_ci NOT NULL,
  `status` enum('publish','unpublish') COLLATE utf8_unicode_ci NOT NULL DEFAULT 'unpublish',
  `created_at` timestamp NULL DEFAULT NULL,
  `updated_at` timestamp NULL DEFAULT NULL,
  `deleted_at` timestamp NULL DEFAULT NULL,
  PRIMARY KEY (`id`),
  KEY `publications_article_content_id_foreign` (`article_content_id`)
) ENGINE=InnoDB  DEFAULT CHARSET=utf8 COLLATE=utf8_unicode_ci AUTO_INCREMENT=2 ;

--
-- Dumping data for table `publications`
--

INSERT INTO `publications` (`id`, `article_content_id`, `title`, `intro`, `category`, `volume`, `abstract`, `conclusion`, `recommendation`, `file`, `year`, `status`, `created_at`, `updated_at`, `deleted_at`) VALUES
(1, 163, 'sadaas', 'czxc', 'jurnal', '123', '', 'zcz', 'cxzc', '', '2015', 'publish', '0000-00-00 00:00:00', '2016-11-29 15:59:20', NULL);

-- --------------------------------------------------------

--
-- Table structure for table `researchers`
--

CREATE TABLE IF NOT EXISTS `researchers` (
  `id` int(10) unsigned NOT NULL AUTO_INCREMENT,
  `name` varchar(255) COLLATE utf8_unicode_ci NOT NULL,
  `birthplace` varchar(255) COLLATE utf8_unicode_ci NOT NULL,
  `dob` date NOT NULL,
  `position` enum('p_utama','p_madya','p_muda','p_pertama','non_p') COLLATE utf8_unicode_ci NOT NULL,
  `grade` varchar(255) COLLATE utf8_unicode_ci NOT NULL,
  `interest_category` varchar(255) COLLATE utf8_unicode_ci NOT NULL,
  `expert_category` varchar(255) COLLATE utf8_unicode_ci NOT NULL,
  `address` text COLLATE utf8_unicode_ci NOT NULL,
  `phone` varchar(255) COLLATE utf8_unicode_ci NOT NULL,
  `email` varchar(255) COLLATE utf8_unicode_ci NOT NULL,
  `education` varchar(255) COLLATE utf8_unicode_ci NOT NULL,
  `experience` varchar(255) COLLATE utf8_unicode_ci NOT NULL,
  `cv` varchar(255) COLLATE utf8_unicode_ci NOT NULL,
  `status` enum('active','not_active') COLLATE utf8_unicode_ci NOT NULL DEFAULT 'active',
  `created_at` timestamp NULL DEFAULT NULL,
  `updated_at` timestamp NULL DEFAULT NULL,
  PRIMARY KEY (`id`)
) ENGINE=InnoDB  DEFAULT CHARSET=utf8 COLLATE=utf8_unicode_ci AUTO_INCREMENT=56 ;

--
-- Dumping data for table `researchers`
--

INSERT INTO `researchers` (`id`, `name`, `birthplace`, `dob`, `position`, `grade`, `interest_category`, `expert_category`, `address`, `phone`, `email`, `education`, `experience`, `cv`, `status`, `created_at`, `updated_at`) VALUES
(53, 'Juliantino', 'Kudus', '1959-07-30', 'non_p', 'IVD', '', '1,11', 'Gedung I BPPT Lt. 9-14, Jalan M.H. Thamrin No. 8 Jakarta 10340', '08129185485', 'juliantino@bsn.go.id', 'Fisika - ITS', 'Kepala Sub Bidang Pelayanan Jasa Teknologi - BPPT', 'cv-juliantino-2016-11-29-23-47-24.pdf', 'active', '2016-11-25 17:10:11', '2016-11-29 16:47:29'),
(54, 'Rosalia Surtiasih', 'Yogyakarta', '1968-06-11', 'non_p', 'IVB', '', '', 'Gedung I BPPT Lt. 9-14, Jalan M.H. Thamrin No. 8 Jakarta 10340', '08129991943', 'rosalia@bsn.go.id', 'Magister Manajemen Magister Manajemen', 'Kepala Bidang Program dan Tata Operasional Penelitian', 'cv-rosalia-surtiasih-2016-11-29-23-38-16', 'active', '2016-11-25 17:10:12', '2016-11-29 16:38:18'),
(55, 'Suprapto', 'Semarang', '1955-11-28', 'p_madya', 'IVE', '', '1', 'Gedung I BPPT Lt. 9-14, Jalan M.H. Thamrin No. 8 Jakarta 10340', '1231232131', 'suprapto@bsn.go.id', 'SAITAMA UNIVERSITY JEPANG Shimo - Okubo, Urawa - Shi , Saitama Jepang', 'Deputi Bidang Penerapan Standar dan Akreditasi', 'cv-suprapto-2016-11-29-23-38-18', 'active', '2016-11-25 17:10:14', '2016-11-29 16:38:20');

-- --------------------------------------------------------

--
-- Table structure for table `researcher_areas`
--

CREATE TABLE IF NOT EXISTS `researcher_areas` (
  `id` int(10) unsigned NOT NULL AUTO_INCREMENT,
  `researcher_id` int(10) unsigned NOT NULL,
  `interest_group_id` int(10) unsigned NOT NULL,
  `created_at` timestamp NULL DEFAULT NULL,
  `updated_at` timestamp NULL DEFAULT NULL,
  PRIMARY KEY (`id`),
  KEY `researcher_areas_researcher_id_foreign` (`researcher_id`),
  KEY `researcher_areas_interest_group_id_foreign` (`interest_group_id`)
) ENGINE=InnoDB DEFAULT CHARSET=utf8 COLLATE=utf8_unicode_ci AUTO_INCREMENT=1 ;

-- --------------------------------------------------------

--
-- Table structure for table `researcher_teams`
--

CREATE TABLE IF NOT EXISTS `researcher_teams` (
  `id` int(10) unsigned NOT NULL AUTO_INCREMENT,
  `researcher_id` int(10) unsigned NOT NULL,
  `position` enum('ketua','wakil','anggota','sekretariat','lainnya') COLLATE utf8_unicode_ci NOT NULL,
  `functional` enum('p_utama','p_madya','p_muda','p_pertama','non_p') COLLATE utf8_unicode_ci NOT NULL,
  `writer` varchar(255) COLLATE utf8_unicode_ci NOT NULL,
  `instance` varchar(255) COLLATE utf8_unicode_ci NOT NULL,
  `interest_category` enum('kp','mek','ppk','ls') COLLATE utf8_unicode_ci NOT NULL,
  `expert_category` varchar(255) COLLATE utf8_unicode_ci NOT NULL,
  `type` enum('penelitian','publikasi') COLLATE utf8_unicode_ci NOT NULL DEFAULT 'penelitian',
  `other_id` int(11) NOT NULL DEFAULT '0',
  `created_at` timestamp NULL DEFAULT NULL,
  `updated_at` timestamp NULL DEFAULT NULL,
  PRIMARY KEY (`id`),
  KEY `researcher_teams_researcher_id_foreign` (`researcher_id`)
) ENGINE=InnoDB  DEFAULT CHARSET=utf8 COLLATE=utf8_unicode_ci AUTO_INCREMENT=198 ;

--
-- Dumping data for table `researcher_teams`
--

INSERT INTO `researcher_teams` (`id`, `researcher_id`, `position`, `functional`, `writer`, `instance`, `interest_category`, `expert_category`, `type`, `other_id`, `created_at`, `updated_at`) VALUES
(158, 53, 'ketua', 'p_muda', '', 'BSN', '', '', 'penelitian', 87, '2016-11-25 17:10:25', '2016-11-25 17:10:25'),
(159, 54, '', 'p_pertama', '', 'BSN', '', '', 'penelitian', 87, '2016-11-25 17:10:25', '2016-11-25 17:10:25'),
(160, 55, 'anggota', 'p_utama', '', 'BSN', '', '', 'penelitian', 87, '2016-11-25 17:10:25', '2016-11-25 17:10:25'),
(161, 55, 'anggota', 'p_madya', '', 'BSN', '', '', 'penelitian', 87, '2016-11-25 17:10:25', '2016-11-25 17:10:25'),
(162, 55, 'sekretariat', 'non_p', '', 'BSN', '', '', 'penelitian', 87, '2016-11-25 17:10:25', '2016-11-25 17:10:25'),
(163, 53, 'ketua', 'p_muda', '', 'BSN', '', '', 'penelitian', 88, '2016-11-25 17:10:26', '2016-11-25 17:10:26'),
(164, 54, '', 'p_pertama', '', 'BSN', '', '', 'penelitian', 88, '2016-11-25 17:10:26', '2016-11-25 17:10:26'),
(165, 55, 'anggota', 'p_pertama', '', 'BSN', '', '', 'penelitian', 88, '2016-11-25 17:10:26', '2016-11-25 17:10:26'),
(166, 55, 'anggota', 'non_p', '', 'BSN', '', '', 'penelitian', 88, '2016-11-25 17:10:26', '2016-11-25 17:10:26'),
(167, 55, 'sekretariat', 'non_p', '', 'BSN', '', '', 'penelitian', 88, '2016-11-25 17:10:26', '2016-11-25 17:10:26'),
(168, 53, 'ketua', 'p_utama', '', 'BSN', '', '', 'penelitian', 89, '2016-11-25 17:10:27', '2016-11-25 17:10:27'),
(169, 54, '', 'p_pertama', '', 'BSN', '', '', 'penelitian', 89, '2016-11-25 17:10:27', '2016-11-25 17:10:27'),
(170, 55, 'anggota', 'p_madya', '', 'BSN', '', '', 'penelitian', 89, '2016-11-25 17:10:27', '2016-11-25 17:10:27'),
(171, 55, 'anggota', 'p_muda', '', 'BSN', '', '', 'penelitian', 89, '2016-11-25 17:10:27', '2016-11-25 17:10:27'),
(172, 55, 'sekretariat', 'non_p', '', 'BSN', '', '', 'penelitian', 89, '2016-11-25 17:10:27', '2016-11-25 17:10:27'),
(173, 53, 'ketua', 'p_madya', '', 'BSN', '', '', 'penelitian', 90, '2016-11-25 17:10:28', '2016-11-25 17:10:28'),
(174, 54, '', 'p_pertama', '', 'BSN', '', '', 'penelitian', 90, '2016-11-25 17:10:28', '2016-11-25 17:10:28'),
(175, 55, 'anggota', 'p_pertama', '', 'BSN', '', '', 'penelitian', 90, '2016-11-25 17:10:28', '2016-11-25 17:10:28'),
(176, 55, 'anggota', 'p_pertama', '', 'BSN', '', '', 'penelitian', 90, '2016-11-25 17:10:28', '2016-11-25 17:10:28'),
(177, 55, 'sekretariat', 'non_p', '', 'BSN', '', '', 'penelitian', 90, '2016-11-25 17:10:28', '2016-11-25 17:10:28'),
(178, 53, 'ketua', 'p_madya', '', 'BSN', '', '', 'penelitian', 91, '2016-11-25 17:10:28', '2016-11-25 17:10:28'),
(179, 54, '', 'p_pertama', '', 'BSN', '', '', 'penelitian', 91, '2016-11-25 17:10:28', '2016-11-25 17:10:28'),
(180, 55, 'anggota', 'p_pertama', '', 'BSN', '', '', 'penelitian', 91, '2016-11-25 17:10:28', '2016-11-25 17:10:28'),
(181, 55, 'anggota', 'p_muda', '', 'BSN', '', '', 'penelitian', 91, '2016-11-25 17:10:28', '2016-11-25 17:10:28'),
(182, 55, 'anggota', 'non_p', '', 'LPPM ITS', '', '', 'penelitian', 91, '2016-11-25 17:10:28', '2016-11-25 17:10:28'),
(183, 53, 'sekretariat', 'non_p', '', 'BSN', '', '', 'penelitian', 91, '2016-11-25 17:10:28', '2016-11-25 17:10:28'),
(187, 53, 'ketua', 'p_muda', '', 'BSN', '', '', 'penelitian', 92, '2016-11-26 13:42:31', '2016-11-26 13:42:31'),
(188, 54, 'wakil', 'p_pertama', '', 'BSN', '', '', 'penelitian', 92, '2016-11-26 13:42:31', '2016-11-26 13:42:31'),
(189, 55, 'anggota', 'p_utama', '', 'BSN', '', '', 'penelitian', 92, '2016-11-26 13:42:31', '2016-11-26 13:42:31'),
(190, 55, 'anggota', 'p_madya', '', 'BSN', '', '', 'penelitian', 92, '2016-11-26 13:42:31', '2016-11-26 13:42:31'),
(191, 55, 'sekretariat', 'non_p', '', 'BSN', '', '', 'penelitian', 92, '2016-11-26 13:42:31', '2016-11-26 13:42:31'),
(192, 53, 'ketua', 'p_muda', '', 'BSN', 'ls', 'Transportasi', 'penelitian', 93, '2016-11-26 13:55:37', '2016-11-26 13:55:37'),
(193, 54, 'wakil', 'p_pertama', '', 'BSN', 'ls', 'Lingkungan', 'penelitian', 93, '2016-11-26 13:55:37', '2016-11-26 13:55:37'),
(194, 55, 'anggota', 'p_utama', '', 'BSN', 'mek', 'Lorem Ipsum ', 'penelitian', 93, '2016-11-26 13:55:37', '2016-11-26 13:55:37'),
(195, 55, 'anggota', 'p_madya', '', 'BSN', 'kp', 'Kimia', 'penelitian', 93, '2016-11-26 13:55:38', '2016-11-26 13:55:38'),
(196, 55, 'sekretariat', 'non_p', '', 'BSN', 'ls', 'Kimia', 'penelitian', 93, '2016-11-26 13:55:38', '2016-11-26 13:55:38'),
(197, 53, 'ketua', 'p_utama', '', 'asdasda', 'kp', '', 'publikasi', 1, '2016-11-29 15:59:26', '2016-11-29 15:59:26');

-- --------------------------------------------------------

--
-- Table structure for table `researcher_workshops`
--

CREATE TABLE IF NOT EXISTS `researcher_workshops` (
  `id` int(10) unsigned NOT NULL AUTO_INCREMENT,
  `name` varchar(255) COLLATE utf8_unicode_ci NOT NULL,
  `time` date NOT NULL,
  `organizer` varchar(255) COLLATE utf8_unicode_ci NOT NULL,
  `sertificate` enum('y','t') COLLATE utf8_unicode_ci NOT NULL,
  `type` enum('training','seminar') COLLATE utf8_unicode_ci NOT NULL,
  `researcher_id` int(10) unsigned NOT NULL,
  `created_at` timestamp NULL DEFAULT NULL,
  `updated_at` timestamp NULL DEFAULT NULL,
  PRIMARY KEY (`id`),
  KEY `researcher_workshops_researcher_id_foreign` (`researcher_id`)
) ENGINE=InnoDB  DEFAULT CHARSET=utf8 COLLATE=utf8_unicode_ci AUTO_INCREMENT=680 ;

--
-- Dumping data for table `researcher_workshops`
--

INSERT INTO `researcher_workshops` (`id`, `name`, `time`, `organizer`, `sertificate`, `type`, `researcher_id`, `created_at`, `updated_at`) VALUES
(583, 'DIKLATPIM TK III', '0000-00-00', 'LAN - RI', 'y', 'training', 53, '2016-11-25 17:10:11', '2016-11-25 17:10:11'),
(584, 'DIKLATPIM TK IV', '0000-00-00', 'LAN - RI', 'y', 'training', 53, '2016-11-25 17:10:11', '2016-11-25 17:10:11'),
(585, 'DIKLAT PRA JABATAN', '0000-00-00', 'BPPT', 'y', 'training', 53, '2016-11-25 17:10:11', '2016-11-25 17:10:11'),
(586, 'DIKLATPIM TK II', '0000-00-00', 'LAN - RI', 'y', 'training', 53, '2016-11-25 17:10:11', '2016-11-25 17:10:11'),
(587, 'Lokakarya Analisis Pekerjaan ', '0000-00-00', 'LPPM, Jakarta', 'y', 'seminar', 53, '2016-11-25 17:10:11', '2016-11-25 17:10:11'),
(588, 'Lokakarya Jaringan Nasional Laboratorium Penguji ', '0000-00-00', 'DSN, Jakarta', 'y', 'seminar', 53, '2016-11-25 17:10:11', '2016-11-25 17:10:11'),
(589, 'Pendidikan dan Latihan Manajemen Proyek ', '0000-00-00', 'UPT-LUK, Serpong', 'y', 'seminar', 53, '2016-11-25 17:10:12', '2016-11-25 17:10:12'),
(590, 'Lokakarya Analisis Pekerjaan ', '0000-00-00', 'LPPM, Jakarta', 'y', 'seminar', 53, '2016-11-25 17:10:12', '2016-11-25 17:10:12'),
(591, 'Pengenalan ISO 9001 :2000 Pedoman BSN 401, Pedoman KAN 402, ISO Guide 23 dan ISO Guide 27 ', '0000-00-00', 'BPPT, Jakarta', 'y', 'seminar', 53, '2016-11-25 17:10:12', '2016-11-25 17:10:12'),
(592, 'Seminar Nasional “ Penuaan Peralatan Industri” ', '0000-00-00', 'UPT-LUK, Jakarta', 'y', 'seminar', 53, '2016-11-25 17:10:12', '2016-11-25 17:10:12'),
(593, 'Pelatihan Proses Pembuatan Ban', '0000-00-00', 'B2TKS, Serpong', 'y', 'seminar', 53, '2016-11-25 17:10:12', '2016-11-25 17:10:12'),
(594, 'Workshop Penilaian Kinerja Pegawai BPPT', '0000-00-00', 'BPPT, Jakarta', 'y', 'seminar', 53, '2016-11-25 17:10:12', '2016-11-25 17:10:12'),
(595, 'Pembekalan DIPA 2016', '0000-00-00', 'BPPT, Jakarta', 'y', 'seminar', 53, '2016-11-25 17:10:12', '2016-11-25 17:10:12'),
(596, 'Sosialisasi Penyusunan Laporan Kinerja dalam rangka Pelaksanaan Peraturan Pemerintah RI Nomor 8 Tahun 2006 ', '0000-00-00', 'BPPT, Jakarta', 'y', 'seminar', 53, '2016-11-25 17:10:12', '2016-11-25 17:10:12'),
(597, 'In House Training Total Business Planning Berbasis Balanced Scorecard', '0000-00-00', 'Strategic Management Forum, Jakarta', 'y', 'seminar', 53, '2016-11-25 17:10:12', '2016-11-25 17:10:12'),
(598, 'Training In Standards Development', '0000-00-00', 'BSN, Jakarta', 'y', 'seminar', 53, '2016-11-25 17:10:12', '2016-11-25 17:10:12'),
(599, 'ISO/IEC 17020 and ILAC/IAF A4 Guidance on Application of ISO/IEC 17020', '0000-00-00', 'KAN, Jakarta', 'y', 'seminar', 53, '2016-11-25 17:10:12', '2016-11-25 17:10:12'),
(600, 'Taining Pengembangan Standardisasi', '0000-00-00', 'DIN, Jerman', 'y', 'seminar', 53, '2016-11-25 17:10:12', '2016-11-25 17:10:12'),
(601, 'Forum Komunikasi Inspektorat Aktualisasi Peran APIP dalam Meningkatkan Kinerja Organisasi', '0000-00-00', 'LAN, Jakarta', 'y', 'seminar', 53, '2016-11-25 17:10:12', '2016-11-25 17:10:12'),
(602, 'Training Managing QMS Project Implementation and Maintenance', '0000-00-00', 'Neville Clarke, Jakarta', 'y', 'seminar', 53, '2016-11-25 17:10:12', '2016-11-25 17:10:12'),
(603, 'Sosialisasi Peraturan Kepala Lembaga Ilmu Pengetahuan Indonesia Nomor 2 Tahun 2014Tentang Petunjuk Teknis Jabatan Fungsional Peneliti', '0000-00-00', 'BSN, Jakarta', 'y', 'seminar', 53, '2016-11-25 17:10:12', '2016-11-25 17:10:12'),
(604, 'Capacity Building', '0000-00-00', 'Fortis, Jakarta', 'y', 'seminar', 53, '2016-11-25 17:10:12', '2016-11-25 17:10:12'),
(605, 'Pelatihan Asesor Laboratorium Penguji Mutu', '2016-11-25', 'Departemen Pertanian, Bogor', 'y', 'training', 54, '2016-11-25 17:10:12', '2016-11-25 17:10:12'),
(606, 'Pelatihan Pengelolaan HACCP', '1900-01-11', 'DSN, Jakarta', 'y', 'training', 54, '2016-11-25 17:10:12', '2016-11-25 17:10:12'),
(607, 'The Program on Standardization (ENST-3)', '1900-01-16', 'AOTS Japan, Yokohama - Japan', 'y', 'training', 54, '2016-11-25 17:10:12', '2016-11-25 17:10:12'),
(608, 'APEC/SCSC Training Programme on Standards and Conformity Assessment', '2016-11-25', 'APEC, Kualalumpur - Malaysia', 'y', 'training', 54, '2016-11-25 17:10:12', '2016-11-25 17:10:12'),
(609, 'Pelatihan Ketidakpastian Pengukuran Laboratorium Pengujian', '1900-01-23', 'BSN, Jakarta', 'y', 'training', 54, '2016-11-25 17:10:12', '2016-11-25 17:10:12'),
(610, 'APEC E-learning program (CTI 15/2005T) on the practical use of environmental product standards: ISO 14000', '1900-01-16', 'APEC ', 'y', 'training', 54, '2016-11-25 17:10:12', '2016-11-25 17:10:12'),
(611, 'TOT Understanding and Interpreting EU Directive and Technical Regulations', '1900-01-31', 'EU - TSP, Jakarta', 'y', 'training', 54, '2016-11-25 17:10:13', '2016-11-25 17:10:13'),
(612, 'Training on EU Directives, Regulations and Standards (in-depth)', '0000-00-00', 'EU- TSP, Jakarta', 'y', 'training', 54, '2016-11-25 17:10:13', '2016-11-25 17:10:13'),
(613, 'Malcolm Baldrige Criteria for Performance Excellence Intepretation Course', '1900-01-14', 'IQA, Bandung', 'y', 'training', 54, '2016-11-25 17:10:13', '2016-11-25 17:10:13'),
(614, 'Training on Regulatory Impact Assesssment (RIA)', '1900-01-20', 'EU - TSP2, Jakarta', 'y', 'training', 54, '2016-11-25 17:10:13', '2016-11-25 17:10:13'),
(615, 'Pelatihan Karya Tulis Ilmiah', '1900-01-08', 'Puslitbang BSN, Jakarta', 'y', 'training', 54, '2016-11-25 17:10:13', '2016-11-25 17:10:13'),
(616, 'Pelatihan "Analisa Statistik II"', '1900-01-01', 'Pusat Pendidikan dan Pelayanan Masyarakat UI, Jakarta', 'y', 'training', 54, '2016-11-25 17:10:13', '2016-11-25 17:10:13'),
(617, 'Pelatihan Asesor Skema Akreditasi Lembaga Sertifikasi Organik', '1900-01-27', 'KAN, Jakarta', 'y', 'training', 54, '2016-11-25 17:10:13', '2016-11-25 17:10:13'),
(618, 'Pelatihan Metodologi Penelitian', '1900-01-12', 'Puslitbang BSN, Jakarta', 'y', 'training', 54, '2016-11-25 17:10:13', '2016-11-25 17:10:13'),
(619, 'Pelatihan ''Quality Management Systems Auditor/Lead Auditor ISO 9001:2008', '1900-01-14', 'Neville Clarke, Jakarta', 'y', 'training', 54, '2016-11-25 17:10:13', '2016-11-25 17:10:13'),
(620, 'Leadership Development Program 2015', '1900-01-25', 'LIPI, Jakarta', 'y', 'training', 54, '2016-11-25 17:10:13', '2016-11-25 17:10:13'),
(621, 'Pelatihan Statistik "Analysis Hierarchy Process"', '1900-01-04', 'Pusat Pendidikan dan Pelayanan Masyarakat UI, Jakarta', 'y', 'training', 54, '2016-11-25 17:10:13', '2016-11-25 17:10:13'),
(622, 'Training on Research Management and Leadership', '1900-01-07', 'MDF, Belanda', 'y', 'training', 54, '2016-11-25 17:10:13', '2016-11-25 17:10:13'),
(623, 'Workshop Auditor Lembaga Inspeksi', '2016-11-25', 'KAN-BSN, Jakarta', 'y', 'seminar', 54, '2016-11-25 17:10:13', '2016-11-25 17:10:13'),
(624, 'Workshop "Conformity Assessment Standards in Support of Market Surveillance”', '1900-01-28', 'ISO CASCO, Geneve', 'y', 'seminar', 54, '2016-11-25 17:10:13', '2016-11-25 17:10:13'),
(625, 'Refreshment on ISO/IEC Guide 65 and Guidance ISO/IEC Guide 65 Issue 2', '1900-01-30', 'KAN, Jakarta', 'y', 'seminar', 54, '2016-11-25 17:10:13', '2016-11-25 17:10:13'),
(626, 'Workshop Asesor/Tenaga Ahli Akreditasi untuk Bidang Lembaga Sertifikasi Pangan Organik', '0000-00-00', 'KAN, Jakarta', 'y', 'seminar', 54, '2016-11-25 17:10:13', '2016-11-25 17:10:13'),
(627, 'Workshop Peranan Sertifikasi Energi Efisiensi bagi Industri Elektroteknik dalam Perdagangan Global', '0000-00-00', 'BSN, Jakarta', 'y', 'seminar', 54, '2016-11-25 17:10:13', '2016-11-25 17:10:13'),
(628, 'IEC Workshop for Industrializing Countries Programme', '0000-00-00', 'IECEE, Melbourne', 'y', 'seminar', 54, '2016-11-25 17:10:13', '2016-11-25 17:10:13'),
(629, 'Workshop Inspektor Pangan Organik', '0000-00-00', 'BSN, Jakarta', 'y', 'seminar', 54, '2016-11-25 17:10:13', '2016-11-25 17:10:13'),
(630, 'Workshop SNI/IEC 17065 dan FDIS ISO/IEC 17067 beserta implementasinya', '0000-00-00', 'BSN, Jakarta', 'y', 'seminar', 54, '2016-11-25 17:10:13', '2016-11-25 17:10:13'),
(631, 'Seminar Nasional Standardisasi -Keamanan dan Keselamatan Bangunan', '1900-01-09', 'BSN, Jakarta', 'y', 'seminar', 54, '2016-11-25 17:10:13', '2016-11-25 17:10:13'),
(632, 'Workshop Change Management', '0000-00-00', 'ESQ - ACT Consulting, Bogor', 'y', 'seminar', 54, '2016-11-25 17:10:13', '2016-11-25 17:10:13'),
(633, 'The Workshop on QC with a view to the Single European Market in 1992 "Processed and Canned Food"', '0000-00-00', 'Dep. Perdagangan, Jakarta ', 'y', 'seminar', 54, '2016-11-25 17:10:13', '2016-11-25 17:10:13'),
(634, 'Special Workshop on the Development of Accreditation Resource in ASEAN', '0000-00-00', 'ACCSQ, Jakarta', 'y', 'seminar', 54, '2016-11-25 17:10:14', '2016-11-25 17:10:14'),
(635, 'Standardsin Trade Workshop', '0000-00-00', 'NIST/DEPT OF COMERCE, Washinton DC - USA', 'y', 'seminar', 54, '2016-11-25 17:10:14', '2016-11-25 17:10:14'),
(636, 'Workshop Intepretasi Ped BSN 301 (ISO/IEC G.62)', '0000-00-00', 'BSN, Jakarta', 'y', 'seminar', 54, '2016-11-25 17:10:14', '2016-11-25 17:10:14'),
(637, 'Regional Workshop for EMS Accreditation Body Assessors', '0000-00-00', 'US-AEP, Singapore', 'y', 'seminar', 54, '2016-11-25 17:10:14', '2016-11-25 17:10:14'),
(638, 'Workshop Auditor Akreditasi', '0000-00-00', 'BSN, Jakarta', 'y', 'seminar', 54, '2016-11-25 17:10:14', '2016-11-25 17:10:14'),
(639, 'One Day Workshop on EMS', '0000-00-00', 'Dep. Pertanian, Jakarta', 'y', 'seminar', 54, '2016-11-25 17:10:14', '2016-11-25 17:10:14'),
(640, 'Workshop sehari Auditor Akreditasi LSSHACCP', '0000-00-00', 'KAN/BSN, Jakarta', 'y', 'seminar', 54, '2016-11-25 17:10:14', '2016-11-25 17:10:14'),
(641, '12th International Training Program on Standardization', '0000-00-00', 'ISI, New Delhi - India', 'y', 'training', 55, '2016-11-25 17:10:14', '2016-11-25 17:10:14'),
(642, 'Training on Certification Marking', '0000-00-00', 'TISI, Bangkok - Thailand', 'y', 'training', 55, '2016-11-25 17:10:14', '2016-11-25 17:10:14'),
(643, 'Training on Standardization & Certification Marking', '0000-00-00', 'SIRIM, Shah Alam - Malaysia', 'y', 'training', 55, '2016-11-25 17:10:14', '2016-11-25 17:10:14'),
(644, 'Course on Introduction to QC and Certification', '0000-00-00', 'LIPI, Jakarta', 'y', 'training', 55, '2016-11-25 17:10:14', '2016-11-25 17:10:14'),
(645, 'Techno-Economic Feasibility Studies', '0000-00-00', 'LIPI, Jakarta', 'y', 'training', 55, '2016-11-25 17:10:14', '2016-11-25 17:10:14'),
(646, 'On the Job Training in Standardization and QC', '0000-00-00', 'LIPI, Jakarta', 'y', 'training', 55, '2016-11-25 17:10:14', '2016-11-25 17:10:14'),
(647, 'Training on General Management', '0000-00-00', 'UI, Jakarta', 'y', 'training', 55, '2016-11-25 17:10:14', '2016-11-25 17:10:14'),
(648, 'ISO/BSI Training, QA & Lab. Accreditation ', '0000-00-00', 'ISO/BSI, Bangkok - Thailand', 'y', 'training', 55, '2016-11-25 17:10:14', '2016-11-25 17:10:14'),
(649, 'Quality Assurance in Service Companies "ISO 9004"', '0000-00-00', 'Dep. Perdagangan, Jakarta', 'y', 'training', 55, '2016-11-25 17:10:14', '2016-11-25 17:10:14'),
(650, 'Training ISO 9000', '0000-00-00', 'DSN, Jakarta', 'y', 'training', 55, '2016-11-25 17:10:14', '2016-11-25 17:10:14'),
(651, 'Kursus Manajemen R & D', '0000-00-00', 'LIPI, Jakarta', 'y', 'training', 55, '2016-11-25 17:10:14', '2016-11-25 17:10:14'),
(652, 'Registered Assessor Training Course Incorporating Subcontractor Control and Assessments', '0000-00-00', 'P-E Batalas, Bogor', 'y', 'training', 55, '2016-11-25 17:10:14', '2016-11-25 17:10:14'),
(653, 'Laboratory & Quality, Its Assessment, Accreditation & Certification', '0000-00-00', 'DSN/BAM, Bogor', 'y', 'training', 55, '2016-11-25 17:10:14', '2016-11-25 17:10:14'),
(654, 'APLAC Train the Trainer Course', '0000-00-00', 'APLAC/NATA, Hanoi - Vietnam', 'y', 'training', 55, '2016-11-25 17:10:14', '2016-11-25 17:10:14'),
(655, 'Accreditation System Course', '0000-00-00', 'AOTS, Jepang', 'y', 'training', 55, '2016-11-25 17:10:15', '2016-11-25 17:10:15'),
(656, 'Diklat SPAMEN', '0000-00-00', 'LAN RI, Jakarta', 'y', 'training', 55, '2016-11-25 17:10:15', '2016-11-25 17:10:15'),
(657, 'Training on BSN G.701-2000 (ISO/IEC G.66:1999)', '0000-00-00', 'KAN, Jakarta', 'y', 'training', 55, '2016-11-25 17:10:15', '2016-11-25 17:10:15'),
(658, 'Pelatihan Pengenalan FDIS ISO 9000:2000', '2009-11-20', 'BSN, Jakarta', 'y', 'training', 55, '2016-11-25 17:10:15', '2016-11-25 17:10:15'),
(659, 'Training on ISO/IEC G.65-1996', '0000-00-00', 'BSN/KAN, Jakarta', 'y', 'training', 55, '2016-11-25 17:10:15', '2016-11-25 17:10:15'),
(660, 'Training on ISO/IEC G.66 - 1999', '2031-05-20', 'BSN/KAN, Jakarta', 'y', 'training', 55, '2016-11-25 17:10:15', '2016-11-25 17:10:15'),
(661, 'Pelatihan SNI 19-17025:2000', '0000-00-00', 'BSN, Jakarta', 'y', 'training', 55, '2016-11-25 17:10:15', '2016-11-25 17:10:15'),
(662, 'Training on Introduction ISO/TS 16494:2002 & QS 9000:1998', '0000-00-00', 'BSN, Jakarta', 'y', 'training', 55, '2016-11-25 17:10:15', '2016-11-25 17:10:15'),
(663, 'Training on SNI 19-17020:1999 (ISO/IEC 17020:1998)', '2031-10-20', 'BSN, Bogor', 'y', 'training', 55, '2016-11-25 17:10:15', '2016-11-25 17:10:15'),
(664, 'Training Best Practice Auditing ISO 9001 Based on ISO 19011', '0000-00-00', 'BSN/AIMS, Jakarta', 'y', 'training', 55, '2016-11-25 17:10:15', '2016-11-25 17:10:15'),
(665, 'Training of Trainers Understanding & Intepreting EU Directive & Technical Regulations', '0000-00-00', 'EU-TSP/BSN, Jakarta', 'y', 'training', 55, '2016-11-25 17:10:15', '2016-11-25 17:10:15'),
(666, 'Training on EU Directives, Regulations, & Standards (in-depth)', '0000-00-00', 'EU-TSP/BSN, Jakarta', 'y', 'training', 55, '2016-11-25 17:10:15', '2016-11-25 17:10:15'),
(667, 'Refreshment Course Instruktur Pelatihan Standardisasi', '2019-08-20', 'BSN, Jakarta', 'y', 'training', 55, '2016-11-25 17:10:15', '2016-11-25 17:10:15'),
(668, 'Diklatpim Tk. I', '0000-00-00', 'LAN RI, Jakarta', 'y', 'training', 55, '2016-11-25 17:10:15', '2016-11-25 17:10:15'),
(669, 'Pelatihan Asesor Lembaga Sertifikasi Usaha Pariwisata', '0000-00-00', 'BSN, Jakarta', 'y', 'training', 55, '2016-11-25 17:10:15', '2016-11-25 17:10:15'),
(670, 'Refreshment Course  ISO/IEC 17024: 2012 dan Skema Akreditasi Lembaga Sertifikasi Person', '2004-08-20', 'KAN, Jakarta', 'y', 'training', 55, '2016-11-25 17:10:15', '2016-11-25 17:10:15'),
(671, 'Workshop on BSN 401-2000 (ISO/IEC G.65 :1996)', '0000-00-00', 'KAN, Jakarta', 'y', 'seminar', 55, '2016-11-25 17:10:16', '2016-11-25 17:10:16'),
(672, 'Workshop on Ecolabelling Accreditation System', '2018-07-20', 'BSN, Jakarta', 'y', 'seminar', 55, '2016-11-25 17:10:16', '2016-11-25 17:10:16'),
(673, 'Bimbingan & Pengembangan Inspektur HACCP', '0000-00-00', 'Dep. Pertanian, Bogor', 'y', 'seminar', 55, '2016-11-25 17:10:16', '2016-11-25 17:10:16'),
(674, 'Workshop ISO 9000:2000', '0000-00-00', 'BSN/AIMS, Jakarta', 'y', 'seminar', 55, '2016-11-25 17:10:16', '2016-11-25 17:10:16'),
(675, 'Workshop Sistem HACCP', '0000-00-00', 'BSN, Jakarta', 'y', 'seminar', 55, '2016-11-25 17:10:16', '2016-11-25 17:10:16'),
(676, 'Workshop Ped. KAN Bid Akreditasi LSPro', '2027-05-20', 'BSN/KAN, Jakarta', 'y', 'seminar', 55, '2016-11-25 17:10:16', '2016-11-25 17:10:16'),
(677, 'Workshop Persiapan Penerapan Ekolabel Indonesia', '0000-00-00', 'KLH/KAN, Jakarta', 'y', 'seminar', 55, '2016-11-25 17:10:16', '2016-11-25 17:10:16'),
(678, 'Workshop Understanding of ISO/IEC 17021 Series', '2021-09-20', 'BSN, Jakarta', 'y', 'seminar', 55, '2016-11-25 17:10:16', '2016-11-25 17:10:16'),
(679, 'Sosialisasi Standar & Transisi ISO/IEC 17021-1:2015; ISO 9001:2015 & ISO 14001:2015 bagi LS', '2029-09-20', 'BSN, Jakarta', 'y', 'seminar', 55, '2016-11-25 17:10:16', '2016-11-25 17:10:16');

-- --------------------------------------------------------

--
-- Table structure for table `researches`
--

CREATE TABLE IF NOT EXISTS `researches` (
  `id` int(10) unsigned NOT NULL AUTO_INCREMENT,
  `article_content_id` int(10) unsigned NOT NULL,
  `title` varchar(255) COLLATE utf8_unicode_ci NOT NULL,
  `summary` text COLLATE utf8_unicode_ci NOT NULL,
  `intro` text COLLATE utf8_unicode_ci NOT NULL,
  `background` text COLLATE utf8_unicode_ci NOT NULL,
  `goal` text COLLATE utf8_unicode_ci NOT NULL,
  `conclusion` text COLLATE utf8_unicode_ci NOT NULL,
  `recommendation` text COLLATE utf8_unicode_ci NOT NULL,
  `recommendation_target` text COLLATE utf8_unicode_ci NOT NULL,
  `location` varchar(255) COLLATE utf8_unicode_ci NOT NULL,
  `file` varchar(255) COLLATE utf8_unicode_ci NOT NULL,
  `year` varchar(255) COLLATE utf8_unicode_ci NOT NULL,
  `views` int(11) NOT NULL,
  `status` enum('publish','unpublish') COLLATE utf8_unicode_ci NOT NULL DEFAULT 'unpublish',
  `created_at` timestamp NULL DEFAULT NULL,
  `updated_at` timestamp NULL DEFAULT NULL,
  `deleted_at` timestamp NULL DEFAULT NULL,
  PRIMARY KEY (`id`),
  KEY `researches_article_content_id_foreign` (`article_content_id`)
) ENGINE=InnoDB  DEFAULT CHARSET=utf8 COLLATE=utf8_unicode_ci AUTO_INCREMENT=94 ;

--
-- Dumping data for table `researches`
--

INSERT INTO `researches` (`id`, `article_content_id`, `title`, `summary`, `intro`, `background`, `goal`, `conclusion`, `recommendation`, `recommendation_target`, `location`, `file`, `year`, `views`, `status`, `created_at`, `updated_at`, `deleted_at`) VALUES
(87, 156, 'Dampak Pemberlakuan SNI Kelompok Mainan Anak Secara Wajib pada Industri dan LPK, dan Penyusunan Kategori SNI Mainan Anak ', 'Penelitian ini bertujuan untuk menyusun suatu panduan informasi mengenai mainan anak dengan SNI dan standar terkait dalam rangka pelaksanaan penerapan SNI mainan anak secara wajib. Selain itu penelitian ini juga bertujuan untuk menganalisis dampak pemberlakuan SNI mainan anak secara wajib terhadap produsen, importir, distributor, LSPro dan laboratorium penguji. \n Panduan mainan anak disusun dengan maksud memberikan informasi kepada stakeholder mainan anak dan masyarakat umum (konsumen) mengenai batasan produk mainan anak yang masuk dalam persyaratan SNI produk mainan anak (SNI ISO 8124) secara wajib dan batasan produk mainan anak yang tidak masuk dalam kategori produk yang dipersyaratkan dalam standar tersebut serta sejumlah informasi penting lainnya terkait persyaratan SNI mainan anak dan beberapa persoalan definisi mainan anak. Adapun dalam analisis dampak digunakan sejumlah parameter atau variabel yang dianggap penting untuk perbaikan sebagai respon stakeholder dari kebijakan tersebut, yang meliputi: perubahan investasi, ekspansi pasar, harga jual produk, jumlah pemasok, harga bahan baku, biaya produksi, volume penjualan, pangsa pasar, jumlah pengaduan, permintaan sertifikasi/pengujian, lama waktu sertifikasi, biaya sertifikasi, perbedaan hasil uji, ketidakjelasan mengenai kelompok HS mainan. Setiap parameter tersebut dipotret sebagai suatu yang meningkat (naik), menurun (turun) atau konstan (tetap) bagi stakeholder. \n Hasilnya menunjukkan bahwa bagi industri, importir dan distributor pemberlakuan SNI mainan anak secara wajib berdampak pada peningkatan harga jual produk yang disebabkan oleh adanya biaya sertifikasi mainan anak. Selain itu juga kebijakan ini juga berdampak pada penurunan volume penjualan. Hal ini mungkin disebabkan oleh peningkatan harga jual produk mainan anak, yang kemudian berimplikasi pada penurunan daya beli masyarakat. Daya beli masyarakat yang menurun akan berdampak penurunan volume penjualan mainan anak oleh produsen, importir dan distributor. Namun peningkatan harga jual produk mainan anak terjadi sebagai akibat pelemahan nilai rupiah (nilai tukar US$ naik di tahun 2015) terhadap dollar, sehingga diakui sedikit memperlambat mobilisasi impor mainan anak (kualitas medium ke atas). Akibatnya, mainan impor (kualitas medium ke bawah) menjadi preferensi konsumen terkhusus mainan anak kelompok “mainan lain-lain” karena lebih murah. Di sisi lain pemberlakuan SNI mainan anak secara wajib berdampak pada kecenderungan peningkatan jumlah modal (operasional) yang disebabkan adanya penambahan biaya untuk sertifikasi dan perubahan bahan baku akibat persyaratan SNI. Kebijakan ini juga berdampak pada ekspansi pasar produk mainan anak yang cenderung stagnan artinya industri merasakan tidak adanya perubahan pangsa pasar yang dimilikinya. Selain itu juga, kebijakan ini tidak memberikan dampak kenaikan yang signifikan terhadap jumlah pemasok, harga bahan baku, volume ekspor, dan jumlah pengaduan. \n Bagi importir dan distributor, daya saing produk mainan di pasar tetap tinggi karena meskipun daya beli pasar sedikit mengalami penurunan namun produk mainan impor masih menjadi minat masyarakat Indonesia. Karena komposisi sosial ekonomi masyarakat Indonesia adalah 39,6% kelas bawah dan 25,15% kelas menengah. Jika ditotal 64,75% merupakan kelas menengah-bawah. Masih rasional apabila mainan impor murah masih menjadi preferensi masyarakat. \nDari sudut pandang lain dapat disimpulkan bahwa pemberlakuan SNI mainan anak secara wajib menimbulkan sejumlah masalah terkait industri di lapangan yang harus dibenahi yaitu: metode pengambilan contoh, ketersediaan cat mainan anak sesuai SNI, masa sertifikasi yang membebani industri, biaya sertifikasi yang membebani UKM, adaptasi regulasi dengan UKM, inkonsistensi pelaporan hasil produksi, perubahan bahan baku yang menaikkan harga jual. \nBagi LSPro dan laboratorium uji, pemberlakuan SNI mainan anak secara wajib berdampak yang paling dominan adalah pada peningkatan perbedaaan hasil uji antar laboratorium yang diantaranya disebabkan belum adanya hasil uji profisiensi mainan anak. Secara umum kebijakan ini berdampak pada peningkatan permintaan sertifikasi/pengujian, peningkatan waktu sertifikasi, peningkatan biaya sertifikasi, peningkatan ketidakjelasan kategori mainan anak, peningkatan parameter tidak memenuhi hasil uji dan peningkatan jumlah pengaduan. Dari sudut pandang lain dapat disimpulkan bahwa pemberlakuan SNI mainan anak secara wajib menimbulkan sejumlah masalah terkait laboratorium uji yang belum ditunjuk atau diakreditasi KAN, pelabelan SNI yang beragam di lapangan, perbedaan hasil uji menimbulkan kerancuan hasil SHU, tanggungjawab LSPro terkait sertifikasi produk terurai, tanggungjawab BSN terhadap logo SNI dan belum adanya parameter pengujian LED dalam juknis. Peningkatan perbedaan hasil uji justru semakin tinggi dialami oleh LSPro dan laboratorium uji yang disebabkan oleh perbedaan SDM, metode uji, alat kalibrasi, dan belum adanya uji profisiensi.\nSejumlah rekomendasi terkait regulasi, juknis,  SNI dan instansi teknis diuraikan dalam penelitian ini (subbab 4.11).\n\n\nLorem Ipsum Lorem Ipsum Lorem Ipsum Lorem Ipsum Lorem Ipsum Lorem Ipsum Lorem Ipsum Lorem Ipsum Lorem Ipsum Lorem Ipsum Lorem Ipsum Lorem Ipsum Lorem Ipsum Lorem Ipsum Lorem Ipsum Lorem Ipsum Lorem Ipsum Lorem Ipsum Lorem Ipsum Lorem Ipsum Lorem Ipsum Lorem Ipsum Lorem Ipsum Lorem Ipsum Lorem Ipsum Lorem Ipsum Lorem Ipsum Lorem Ipsum Lorem Ipsum Lorem Ipsum ', 'Penelitian ini bertujuan untuk menyusun suatu panduan informasi mengenai mainan anak dengan SNI dan standar terkait dalam rangka pelaksanaan penerapan SNI mainan anak secara wajib. Selain itu penelitian ini juga bertujuan untuk menganalisis dampak pemberlakuan SNI mainan anak secara wajib terhadap produsen, importir, distributor, LSPro dan laboratorium penguji. \n Panduan mainan anak disusun dengan maksud memberikan informasi kepada stakeholder mainan anak dan masyarakat umum (konsumen) mengenai batasan produk mainan anak yang masuk dalam persyaratan SNI produk mainan anak (SNI ISO 8124) secara wajib dan batasan produk mainan anak yang tidak masuk dalam kategori produk yang dipersyaratkan dalam standar tersebut serta sejumlah informasi penting lainnya terkait persyaratan SNI mainan anak dan beberapa persoalan definisi mainan anak. Adapun dalam analisis dampak digunakan sejumlah parameter atau variabel yang dianggap penting untuk perbaikan sebagai respon stakeholder dari kebijakan tersebut, yang meliputi: perubahan investasi, ekspansi pasar, harga jual produk, jumlah pemasok, harga bahan baku, biaya produksi, volume penjualan, pangsa pasar, jumlah pengaduan, permintaan sertifikasi/pengujian, lama waktu sertifikasi, biaya sertifikasi, perbedaan hasil uji, ketidakjelasan mengenai kelompok HS mainan. Setiap parameter tersebut dipotret sebagai suatu yang meningkat (naik), menurun (turun) atau konstan (tetap) bagi stakeholder. \n Hasilnya menunjukkan bahwa bagi industri, importir dan distributor pemberlakuan SNI mainan anak secara wajib berdampak pada peningkatan harga jual produk yang disebabkan oleh adanya biaya sertifikasi mainan anak. Selain itu juga kebijakan ini juga berdampak pada penurunan volume penjualan. Hal ini mungkin disebabkan oleh peningkatan harga jual produk mainan anak, yang kemudian berimplikasi pada penurunan daya beli masyarakat. Daya beli masyarakat yang menurun akan berdampak penurunan volume penjualan mainan anak oleh produsen, importir dan distributor. Namun peningkatan harga jual produk mainan anak terjadi sebagai akibat pelemahan nilai rupiah (nilai tukar US$ naik di tahun 2015) terhadap dollar, sehingga diakui sedikit memperlambat mobilisasi impor mainan anak (kualitas medium ke atas). Akibatnya, mainan impor (kualitas medium ke bawah) menjadi preferensi konsumen terkhusus mainan anak kelompok “mainan lain-lain” karena lebih murah. Di sisi lain pemberlakuan SNI mainan anak secara wajib berdampak pada kecenderungan peningkatan jumlah modal (operasional) yang disebabkan adanya penambahan biaya untuk sertifikasi dan perubahan bahan baku akibat persyaratan SNI. Kebijakan ini juga berdampak pada ekspansi pasar produk mainan anak yang cenderung stagnan artinya industri merasakan tidak adanya perubahan pangsa pasar yang dimilikinya. Selain itu juga, kebijakan ini tidak memberikan dampak kenaikan yang signifikan terhadap jumlah pemasok, harga bahan baku, volume ekspor, dan jumlah pengaduan. \n Bagi importir dan distributor, daya saing produk mainan di pasar tetap tinggi karena meskipun daya beli pasar sedikit mengalami penurunan namun produk mainan impor masih menjadi minat masyarakat Indonesia. Karena komposisi sosial ekonomi masyarakat Indonesia adalah 39,6% kelas bawah dan 25,15% kelas menengah. Jika ditotal 64,75% merupakan kelas menengah-bawah. Masih rasional apabila mainan impor murah masih menjadi preferensi masyarakat. \nDari sudut pandang lain dapat disimpulkan bahwa pemberlakuan SNI mainan anak secara wajib menimbulkan sejumlah masalah terkait industri di lapangan yang harus dibenahi yaitu: metode pengambilan contoh, ketersediaan cat mainan anak sesuai SNI, masa sertifikasi yang membebani industri, biaya sertifikasi yang membebani UKM, adaptasi regulasi dengan UKM, inkonsistensi pelaporan hasil produksi, perubahan bahan baku yang menaikkan harga jual. \nBagi LSPro dan laboratorium uji, pemberlakuan SNI mainan anak secara wajib berdampak yang paling dominan adalah pada peningkatan perbedaaan hasil uji antar laboratorium yang diantaranya disebabkan belum adanya hasil uji profisiensi mainan anak. Secara umum kebijakan ini berdampak pada peningkatan permintaan sertifikasi/pengujian, peningkatan waktu sertifikasi, peningkatan biaya sertifikasi, peningkatan ketidakjelasan kategori mainan anak, peningkatan parameter tidak memenuhi hasil uji dan peningkatan jumlah pengaduan. Dari sudut pandang lain dapat disimpulkan bahwa pemberlakuan SNI mainan anak secara wajib menimbulkan sejumlah masalah terkait laboratorium uji yang belum ditunjuk atau diakreditasi KAN, pelabelan SNI yang beragam di lapangan, perbedaan hasil uji menimbulkan kerancuan hasil SHU, tanggungjawab LSPro terkait sertifikasi produk terurai, tanggungjawab BSN terhadap logo SNI dan belum adanya parameter pengujian LED dalam juknis. Peningkatan perbedaan hasil uji justru semakin tinggi dialami oleh LSPro dan laboratorium uji yang disebabkan oleh perbedaan SDM, metode uji, alat kalibrasi, dan belum adanya uji profisiensi.\nSejumlah rekomendasi terkait regulasi, juknis,  SNI dan instansi teknis diuraikan dalam penelitian ini (subbab 4.11).\n\n\nLorem Ipsum Lorem Ipsum Lorem Ipsum Lorem Ipsum Lorem Ipsum Lorem Ipsum Lorem Ipsum Lorem Ipsum Lorem Ipsum Lorem Ipsum Lorem Ipsum Lorem Ipsum Lorem Ipsum Lorem Ipsum Lorem Ipsum Lorem Ipsum Lorem Ipsum Lorem Ipsum Lorem Ipsum Lorem Ipsum Lorem Ipsum Lorem Ipsum Lorem Ipsum Lorem Ipsum Lorem Ipsum Lorem Ipsum Lorem Ipsum Lorem Ipsum Lorem Ipsum Lorem Ipsum ', 'Pada tahun 2013, Pemerintah melalui Kementerian Perindustrian memberlakukan secara wajib Standar Nasional Indonesia (SNI) Mainan Anak dengan Peraturan Menteri Perindustrian Republik Indonesia Nomor 24/M-IND/PER/4/2013 yang kemudian dirubah dengan Peraturan Nomor 55/M-IND/PER/11/2013. SNI yang diberlakukan secara wajib dalam peraturan tersebut terdiri dari 5 SNI beberapa parameter dalam standar EN dan SNI. Didalam peraturan tersebut pula, mainan dikelompokkan dalam 12 jenis yang mangacu pada Kode Harmonized System (HS Code), setiap jenis mainan dapat terdiri dari beberapa variasi, dan tidak tertutup kemungkinan terdapat mainan yang tidak terkena peraturan tersebut. Kondisi seperti ini menyulitkan untuk mengetahui persyaratan apa saja bagi produk mainan sehingga perlu dibuat sebuah panduan informasi tentang kategori mainan anak dengan SNI-nya yang terkait, agar menghindari kebingungan, membuat keseragaman pemahaman antara penerap dan pengawas pasar, yang akhirnya akan memudahkan penerapan SNI bagi semua pihak. \nTerkait pemberlakuan Standar Nasional Indonesia (SNI) secara wajib, BSN menerbitkan Pedoman Standardisasi Nasional (PSN) Nomor 301 Tahun 2011. Di dalam PSN tersebut disebutkan bahwa ketentuan dalam regulasi teknis merupakan intervensi pasar yang berdampak pada kegiatan usaha seperti menghambat persaingan sehat, menghambat inovasi, menghambat perkembangan UKM (Usaha Kecil dan Menengah), sehingga analisis kesiapan harus dilakukan, antara lain terkait kesiapan pelaku usaha dan kesiapan lembaga penilaian kesesuaian. Analisis  kesiapan tentang hal ini telah ada seperti yang dilakukan oleh Eddy dan Dwinna (2010).\nDengan adanya PSN 301 dan kajian tentang kesiapan yang sudah dilakukan tentu diharapkan pemberlakuan secara wajib SNI Mainan Anak memberikan dampak yang positif pada pasar. Sebuah penelitian diperlukan untuk menganalisis kesiapan yang telah diprediksikan sebelumnya pada pelaku usaha dan LPK, dengan studi kasus yang intensif dan mendalam pada satu pemberlakuan wajib SNI (SNI Mainan Anak). Kajian tentang dampak penerapan SNI wajib pada produk mainan anak sedang dilakukan oleh BSN pada tahun fiskal 2014 untuk SNI yang telah diberlakukan wajib minimal 2 tahun. Dengan penelitian ini diharapkan dapat sinergis memberikan dasar ilmiah, faktual, dapat dipertanggungjawabkan, yang bermanfaat digunakan untuk memperbaiki dan mengembangkan sistem standardisasi khususnya penerapan SNI.\n Lorem Ipsum Lorem Ipsum Lorem Ipsum Lorem Ipsum Lorem Ipsum Lorem Ipsum Lorem Ipsum Lorem Ipsum Lorem Ipsum Lorem Ipsum Lorem Ipsum Lorem Ipsum Lorem Ipsum Lorem Ipsum Lorem Ipsum Lorem Ipsum Lorem Ipsum Lorem Ipsum Lorem Ipsum Lorem Ipsum Lorem Ipsum Lorem Ipsum Lorem Ipsum Lorem Ipsum Lorem Ipsum Lorem Ipsum Lorem Ipsum Lorem Ipsum Lorem Ipsum Lorem Ipsum ', '1. Membuat panduan informasi mainan anak dengan SNI-nya\n2. Menganalisis dampak pemberlakuan wajib SNI (SNI Mainan Anak) pada industri dan LPK\n', '1. Regulasi (Peraturan Menteri dan Petunjuk Teknis) dan SNI telah mempunyai kejelasan dalam pengaturan pemberlakuan SNI mainan anak secara wajib, namun masih ditemukan ketentuan yang mengandung multitafsir, sehingga terjadi pemahaman dan implementasi yang berbeda-beda di lapangan, antara lain tentang a) batasan umur pada definisi mainan anak; b) jenis mainan yang tidak termasuk kelompok Harmonize System (HS) mainan yaitu produk baby walker; c) kelompok HS produk yang masuk kategori mainan tetapi belum masuk pada regulasi yaitu konsol dan mesin video game (HS 9504), barang dan perlengkapan latihan fisik (HS 9506) dan kelompok komedi putar, ayunan, galeri tembak (HS 9508); d) aspek standar yang harus dikenakan pada suatu produk mainan anak; e) jumlah sampel yang diambil sebagai bahan pengujian; f) ketentuan pelabelan (terkait 11 elemen yang wajib dicantumkan, pengelompokan usia, pelabelan khusus pada beberapa mainan). \n2. Salah satu output  dari hasil penelitian ini adalah “Panduan Identifikasi Mainan Anak terhadap SNI dan Standar Terkait”, yang berisi informasi tentang a) batasan produk mainan anak yang masuk dalam regulasi teknis mainan anak; b) produk mainan anak yang tidak masuk dalam regulasi teknis; c) jawaban atas permasalahan yang muncul di lapangan.\n3. Bagi Industri, importir dan distributor pemberlakuan SNI mainan anak secara wajib berdampak pada peningkatan harga jual produk yang disebabkan oleh adanya biaya sertifikasi mainan anak. Selain itu juga berdampak pada penurunan volume penjualan yang mungkin disebabkan oleh peningkatan harga jual yang berakibat pada penurunan daya beli masyarakat yang akhirnya berimbas pada penurunan volume penjualan. Di sisi lain pemberlakuan SNI mainan anak secara wajib berdampak pada kecenderungan peningkatan jumlah modal yang disebabkan oleh adanya penambahan biaya untuk sertifikasi dan perubahan bahan baku. Juga kecenderungan pada stagnasi ekspansi pasar produk mainan anak artinya industri merasakan tidak adanya perubahan pangsa pasar yang dimilikinya. Selain itu juga, kebijakan ini tidak memberikan dampak yang signifikan terhadap jumlah pemasok, harga bahan baku, volume ekspor, dan jumlah pengaduan. Dari sudut pandang lain dapat disimpulkan bahwa pemberlakuan SNI mainan anak secara wajib menimbulkan sejumlah masalah terkait industri di lapangan yang harus dibenahi yaitu: metode pengambilan contoh, ketersediaan cat mainan anak sesuai SNI, masa sertifikasi yang membebani industri, biaya sertifikasi yang membebani UKM, adaptasi regulasi dengan UKM, inkonsistensi pelaporan hasil produksi, perubahan bahan baku yang menaikkan harga jual.\n4. Bagi LSPro dan laboratorium uji pemberlakuan SNI mainan anak secara wajib berdampak yang paling dominan adalah pada peningkatan perbedaaan hasil uji antar laboratorium yang diantaranya disebabkan belum adanya hasil uji profisiensi mainan anak. Secara umum kebijakan ini berdampak pada peningkatan permintaan sertifikasi/pengujian, peningkatan waktu sertifiaksi, peningkatan biaya sertifikasi, peningkatan ketidakjelasan kategori mainan anak, peningkatan parameter tidak memenuhi hasil uji dan peningkatan jumlah pengaduan. Dari sudut pandang lain dapat disimpulkan bahwa pemberlakuan SNI mainan anak secara wajib menimbulkan sejumlah masalah terkait laboratorium uji yang belum ditunjuk atau diakreditasi KAN, pelabelan SNI yang beragam di lapangan, perbedaan hasil uji menimbulkan kerancuan hasil SHU, tanggung jawab LSPro terkait sertifikasi produk terurai, tanggung jawab BSN terhadap logo SNI dan belum adanya parameter pengujian LED. Peningkatan perbedaan hasil uji justru semakin tinggi dialami oleh LSPro dan laboratorium uji yang disebabkan oleh perbedaan SDM, metode uji, alat kalibrasi, dan belum adanya uji profisiensi.\n Lorem Ipsum Lorem Ipsum Lorem Ipsum Lorem Ipsum Lorem Ipsum Lorem Ipsum Lorem Ipsum Lorem Ipsum Lorem Ipsum Lorem Ipsum Lorem Ipsum Lorem Ipsum Lorem Ipsum Lorem Ipsum Lorem Ipsum Lorem Ipsum Lorem Ipsum Lorem Ipsum Lorem Ipsum Lorem Ipsum Lorem Ipsum Lorem Ipsum Lorem Ipsum Lorem Ipsum Lorem Ipsum Lorem Ipsum Lorem Ipsum Lorem Ipsum Lorem Ipsum Lorem Ipsum ', '1. Kementerian teknis bekerja sama dengan Badan Standardisasi Nasional (BSN) perlu memberikan penjelasan kepada stake holder terkait pemahaman yang berbeda-beda di masyarakat tentang: definisi mainan anak, batasan umur mainan anak, produk mirip atau menyerupai mainan seperti: pajangan, suvenir, gantungan kunci, permen mainan, tas boneka, bantal tulang, play dough dan sebagainya menggunakan suatu panduan. “Panduan Identifikasi Mainan Anak terhadap SNI dan Standar Terkait” diusulkan dapat digunakan sebagai panduan oleh Kementerian teknis maupun BSN dalam melakukan pemahaman terhadap peraturan pemberlakuan SNI wajib mainan anak.\n2. Akar masalah dari peningkatan harga jual dan  penurunan volume penjualan produk mainan anak adalah faktor biaya sertifikasi mainan anak yang dirasakan bersama-sama membebani industri, importir dan distributor; maka dalam hal ini pemerintah hendaknya konsisten mengalokasikan  insentif  biaya sertifikasi mainan anak khusus bagi produsen UKM.\n3. Pemerintah perlu mengembangkan infrastruktur industri atau insentif, yang difokuskan pada rantai pendukung industri mainan anak sektor hulu seperti: bahan baku dan standardisasi bahan baku serta penguatan infrastruktur hulu industri mainan anak.\n4. Untuk mengatasi masalah perbedaan hasil antar laboratorium, KAN perlu menyelenggarakan uji profisiensi untuk lingkup mainan anak, penguatan kapasitas SDM LPK, penyeragaman metode uji, dan konsistensi kalibrasi alat pada laboratorium uji terkhusus untuk mainan anak.\n5. Instansi pembina LPK perlu meningkatkan kapasitas laboratorium uji mainan anak di Indonesia untuk mengantisipasi peningkatan jumlah permintaan sertifikasi dan peningkatan lama waktu sertifikasi. \n6. Instansi yang terkait pembinaan LPK perlu memberikan insentif untuk ketersediaan material referensi pengujian atau memberikan kebijakan penurunan pajak impor bahan material referensi uji sehingga biaya pengujian dapat ditekan. \n7. KAN perlu lebih komprehensif dalam melakukan pemahaman kepada LSPro dan laboratorium uji mengenai ketidakjelasan kategori mainan anak di lapangan, pelabelan SNI.\n8. Pemerintah (BSN) perlu lebih banyak melakukan sosialisasi pemahaman logo SNI dan tanggungjawabnya terhadap produk yang bertanda SNI.\n9. BSN perlu merumuskan standar LED untuk mainan anak.\n1. Kementerian teknis bekerja sama dengan Badan Standardisasi Nasional (BSN) perlu memberikan penjelasan kepada stake holder terkait pemahaman yang berbeda-beda di masyarakat tentang: definisi mainan anak, batasan umur mainan anak, produk mirip atau menyerupai mainan seperti: pajangan, suvenir, gantungan kunci, permen mainan, tas boneka, bantal tulang, play dough dan sebagainya menggunakan suatu panduan. “Panduan Identifikasi Mainan Anak terhadap SNI dan Standar Terkait” diusulkan dapat digunakan sebagai panduan oleh Kementerian teknis maupun BSN dalam melakukan pemahaman terhadap peraturan pemberlakuan SNI wajib mainan anak.\n2. Akar masalah dari peningkatan harga jual dan  penurunan volume penjualan produk mainan anak adalah faktor biaya sertifikasi mainan anak yang dirasakan bersama-sama membebani industri, importir dan distributor; maka dalam hal ini pemerintah hendaknya konsisten mengalokasikan  insentif  biaya sertifikasi mainan anak khusus bagi produsen UKM.\n3. Pemerintah perlu mengembangkan infrastruktur industri atau insentif, yang difokuskan pada rantai pendukung industri mainan anak sektor hulu seperti: bahan baku dan standardisasi bahan baku serta penguatan infrastruktur hulu industri mainan anak.\n4. Untuk mengatasi masalah perbedaan hasil antar laboratorium, KAN perlu menyelenggarakan uji profisiensi untuk lingkup mainan anak, penguatan kapasitas SDM LPK, penyeragaman metode uji, dan konsistensi kalibrasi alat pada laboratorium uji terkhusus untuk mainan anak.\n5. Instansi pembina LPK perlu meningkatkan kapasitas laboratorium uji mainan anak di Indonesia untuk mengantisipasi peningkatan jumlah permintaan sertifikasi dan peningkatan lama waktu sertifikasi. \n6. Instansi yang terkait pembinaan LPK perlu memberikan insentif untuk ketersediaan material referensi pengujian atau memberikan kebijakan penurunan pajak impor bahan material referensi uji sehingga biaya pengujian dapat ditekan. \n7. KAN perlu lebih komprehensif dalam melakukan pemahaman kepada LSPro dan laboratorium uji mengenai ketidakjelasan kategori mainan anak di lapangan, pelabelan SNI.\n8. Pemerintah (BSN) perlu lebih banyak melakukan sosialisasi pemahaman logo SNI dan tanggungjawabnya terhadap produk yang bertanda SNI.\n9. BSN perlu merumuskan standar LED untuk mainan anak.\n', '', '', 'LoremIpsum_LoremIpsum.xls', '2015', 0, 'unpublish', '2016-11-25 17:10:25', '2016-11-25 17:10:25', NULL),
(88, 157, 'Manfaat Ekonomi Penerapan SNI pada Usaha Kecil dan Menengah (UKM) ', 'Salah satu pilar perekonomian suatu bangsa adalah Usaha Kecil dan Menengah (UKM). Peran strategis dari UKM dalam pembangunan ekonomi nasional adalah dalam hal penyerapan tenaga kerja dan juga berperan dalam pendistribusian hasil-hasil pembangunan (Hafsah, 2004). Oleh karena itu peranan UKM dalam perekonomian bangsa harus terus ditingkatkan melalui peningkatan daya saing produk dalam negeri dengan penerapan standar. Penerapan standar memberikan manfaat positif bagi UKM, sepuluh UKM dari sepuluh Negara di dunia memberikan kesaksian bagaimana standar ISO memberikan kontribusi yang baik, diantaranya: 1) Standar membantu berkompetisi dengan perusahaan yang lebih besar; 2) Standar membantu dalam akses pasar ekspor; 3) Standar membantu memberikan praktek bisnis terbaik; 4) Standar membantu operasi perusahaan menjadi lebih efisien dan berkembang; 5) Standar memberikan kredibilitas dan kepercayaan serta pengakuan konsumen; 6) Standar memberikan bahasa tunggal dalam industri untuk mutu (ISO, 2011). Manfaat ekonomi penerapan standar yang diperoleh oleh UKM, banyak yang bersifat intangible dan tidak terlihat secara nyata dan jelas atau bersifat abstrak dan banyak dilakukan secara makro.\nPada tahun 2010, International Organization for Standardization (ISO) telah mengembangkan suatu metode untuk menghitung manfaat ekonomi dari penerapan standar, metode ini disebut dengan ISO Metodology - Economic Benefit Standard (EBS). Berdasarkan hasil penelitian menggunakan metodologi ISO, penerapan standar memberikan suatu manfaat ekonomi pada pihak penerap standar (Farkah, 2011; Mulyono & Pudjiastuti, 2013; Sari, 2011; Ulkhaq, 2011).\nDalam UU Nomor 20 Tahun 2014 dinyatakan bahwa “Terhadap Pelaku Usaha mikro dan kecil, diberikan pembinaan paling sedikit berupa fasilitas pembiayaan Sertifikasi dan pemeliharaan Sertifikasi”. Dalam rangka menjaga efektivitas pembinaan yang berupa fasilitasi pembiayaan dan pemeliharaan sertifikasi, perlu diketahui kriteria UKM yang mampu menerapkan standar secara konsisten dari variabel-variabel yang mempengaruhinya.\nBerdasarkan analisa data, metodologi ISO Economic Benefits of Standards (EBS) dapat diterapkan pada Usaha Kecil Menengah (UKM) untuk menghitung manfaat ekonomi penerapan standar. Penerapan standar pada UKM memberikan keuntungan (benefit) ekonomi, pada studi kasus di UD Gerak Tani (UKM produsen bumbu siap pakai di Bekasi) mendapatkan keuntungan ekonomi sebesar Rp. 110.590.179,00 per tahun, UD Sari Rasa (UKM produsen tempe kedelai segar di Semarang) sebesar Rp. 348.762.300,00 per tahun dan PT Bali Alus (UKM produsen bahan-bahan spa di Denpasar) sebesar Rp. 45.506.702,00 per tahun.\nDari hasil penelitian  penerapan standar oleh UKM, ternyata 4 variabel independent (dari 6 variabel independent) signifikan mempengaruhi konsistensi UKM dalam menerapkan standar, yaitu variabel nilai penjualan, komitmen UKM, inovasi dan permintaan konsumen. Nilai penjualan yang meningkat akibat penerapan standar akan memacu UKM menerapkan standar secara konsisten. Komitmen pemilik UKM dan inovasi diperlukan untuk menjaga kelangsungan penerapan standar dan roda ekonomi UKM itu sendiri. Sedangkan permintaan konsumen akan suatu jaminan kualitas produk akan membuat suatu batasan daya saing produk UKM, sehingga hanya produk yang memenuhi harapan konsumen yang dapat diterima oleh konsumen. Dalam perdagangan bebas, produk dengan berbagai jenis membanjir di pasar. Konsumen memiliki banyak alternatif untuk memenuhi kebutuhannya. Hanya UKM yang memiliki daya saing strategis yang berkelanjutan akan menang dalam persaingan.\nRekomendasi hasil penelitian ini yaitu manfaat ekonomi penerapan standar pada UKM perlu didiseminasikan/disosialisasikan baik di internal BSN maupun instansi terkait yang mempunyai fungsi pembinaan UKM, melalui seminar atau workshop untuk meningkatkan kesadaran dan ketertarikan UKM dalam penggunaan/penerapan standar. Lembaga yang memberikan insentif berupa fasilitasi pembiayaan sertifikasi dan pemeliharaan sertifikasi pada UKM perlu mempertimbangkan 1) nilai penjualan, 2) komitmen UKM, 3) Inovasi dan 4) permintaan konsumen terkait jaminan mutu.\n', 'Salah satu pilar perekonomian suatu bangsa adalah Usaha Kecil dan Menengah (UKM). Peran strategis dari UKM dalam pembangunan ekonomi nasional adalah dalam hal penyerapan tenaga kerja dan juga berperan dalam pendistribusian hasil-hasil pembangunan (Hafsah, 2004). Oleh karena itu peranan UKM dalam perekonomian bangsa harus terus ditingkatkan melalui peningkatan daya saing produk dalam negeri dengan penerapan standar. Penerapan standar memberikan manfaat positif bagi UKM, sepuluh UKM dari sepuluh Negara di dunia memberikan kesaksian bagaimana standar ISO memberikan kontribusi yang baik, diantaranya: 1) Standar membantu berkompetisi dengan perusahaan yang lebih besar; 2) Standar membantu dalam akses pasar ekspor; 3) Standar membantu memberikan praktek bisnis terbaik; 4) Standar membantu operasi perusahaan menjadi lebih efisien dan berkembang; 5) Standar memberikan kredibilitas dan kepercayaan serta pengakuan konsumen; 6) Standar memberikan bahasa tunggal dalam industri untuk mutu (ISO, 2011). Manfaat ekonomi penerapan standar yang diperoleh oleh UKM, banyak yang bersifat intangible dan tidak terlihat secara nyata dan jelas atau bersifat abstrak dan banyak dilakukan secara makro.\nPada tahun 2010, International Organization for Standardization (ISO) telah mengembangkan suatu metode untuk menghitung manfaat ekonomi dari penerapan standar, metode ini disebut dengan ISO Metodology - Economic Benefit Standard (EBS). Berdasarkan hasil penelitian menggunakan metodologi ISO, penerapan standar memberikan suatu manfaat ekonomi pada pihak penerap standar (Farkah, 2011; Mulyono & Pudjiastuti, 2013; Sari, 2011; Ulkhaq, 2011).\nDalam UU Nomor 20 Tahun 2014 dinyatakan bahwa “Terhadap Pelaku Usaha mikro dan kecil, diberikan pembinaan paling sedikit berupa fasilitas pembiayaan Sertifikasi dan pemeliharaan Sertifikasi”. Dalam rangka menjaga efektivitas pembinaan yang berupa fasilitasi pembiayaan dan pemeliharaan sertifikasi, perlu diketahui kriteria UKM yang mampu menerapkan standar secara konsisten dari variabel-variabel yang mempengaruhinya.\nBerdasarkan analisa data, metodologi ISO Economic Benefits of Standards (EBS) dapat diterapkan pada Usaha Kecil Menengah (UKM) untuk menghitung manfaat ekonomi penerapan standar. Penerapan standar pada UKM memberikan keuntungan (benefit) ekonomi, pada studi kasus di UD Gerak Tani (UKM produsen bumbu siap pakai di Bekasi) mendapatkan keuntungan ekonomi sebesar Rp. 110.590.179,00 per tahun, UD Sari Rasa (UKM produsen tempe kedelai segar di Semarang) sebesar Rp. 348.762.300,00 per tahun dan PT Bali Alus (UKM produsen bahan-bahan spa di Denpasar) sebesar Rp. 45.506.702,00 per tahun.\nDari hasil penelitian  penerapan standar oleh UKM, ternyata 4 variabel independent (dari 6 variabel independent) signifikan mempengaruhi konsistensi UKM dalam menerapkan standar, yaitu variabel nilai penjualan, komitmen UKM, inovasi dan permintaan konsumen. Nilai penjualan yang meningkat akibat penerapan standar akan memacu UKM menerapkan standar secara konsisten. Komitmen pemilik UKM dan inovasi diperlukan untuk menjaga kelangsungan penerapan standar dan roda ekonomi UKM itu sendiri. Sedangkan permintaan konsumen akan suatu jaminan kualitas produk akan membuat suatu batasan daya saing produk UKM, sehingga hanya produk yang memenuhi harapan konsumen yang dapat diterima oleh konsumen. Dalam perdagangan bebas, produk dengan berbagai jenis membanjir di pasar. Konsumen memiliki banyak alternatif untuk memenuhi kebutuhannya. Hanya UKM yang memiliki daya saing strategis yang berkelanjutan akan menang dalam persaingan.\nRekomendasi hasil penelitian ini yaitu manfaat ekonomi penerapan standar pada UKM perlu didiseminasikan/disosialisasikan baik di internal BSN maupun instansi terkait yang mempunyai fungsi pembinaan UKM, melalui seminar atau workshop untuk meningkatkan kesadaran dan ketertarikan UKM dalam penggunaan/penerapan standar. Lembaga yang memberikan insentif berupa fasilitasi pembiayaan sertifikasi dan pemeliharaan sertifikasi pada UKM perlu mempertimbangkan 1) nilai penjualan, 2) komitmen UKM, 3) Inovasi dan 4) permintaan konsumen terkait jaminan mutu.\n', 'Perkembangan perdagangan internasional pada saat ini mengarah pada bentuk perdagangan bebas yang bertujuan untuk mengurangi atau menghilangkan hambatan perdagangan barang, baik tarif maupun non tarif (Isharyadi & Louhenapessy, 2014). Perdagangan bebas dapat mempengaruhi nilai ekspor impor suatu negara, termasuk Indonesia. Sebagai negara yang berpenduduk besar, Indonesia mempunyai potensi besar sebagai pasar dan produsen untuk berbagai produk. Oleh karena itu produk dalam negeri akan bersaing dengan banyak produk impor yang akan semakin banyak masuk ke dalam negeri.\nSalah satu pilar perekonomian suatu bangsa adalah Usaha Kecil dan Menengah (UKM). Peran strategis dari UKM dalam pembangunan ekonomi nasional adalah dalam hal penyerapan tenaga kerja dan juga berperan dalam pendistribusian hasil-hasil pembangunan (Hafsah, 2004). Oleh karena itu peranan UKM dalam perekonomian bangsa harusa terus ditingkatkan, salah satunya adalah mendukung program daya saing produk dalam negeri dimana salah satunya produk UKM, perlu untuk meningkatkan kinerja UKM melalui penerapan standardisasi. Faktor penting yang menjadi bagian dari penerapan standar (SNI) oleh UKM adalah kesanggupan dan kesiapan UKM selaku pihak yang bertindak untuk menerapkan standar dalam memproduksi barang. Namun muncul berbagai kendala seperti keterbatasan UKM dalam menerapkan standar, proses sertifikasi yang tidak mudah dan sering secara teknis sulit menerapkannya hingga biaya pengujian atau sertifikasi yang dinilai mahal dan bersifat menambah biaya produksi (Meylani, Susanty, & Rinawati, 2012). \nPenerapan standar memberikan manfaat positif bagi UKM, sepuluh UKM dari sepuluh Negara di dunia memberikan kesaksiannya bagaimana standar ISO memberikan kontribusi yang baik, diantaranya: 1) Standar membantu berkompetisi dengan perusahaan yang lebih besar; 2) Standar membantu dalam akses pasar ekspor; 3) Standar membantu memberikan praktek bisnis terbaik; 4) Standar membantu operasi perusahaan menjadi lebih efisien dan berkembang; 5) Standar memberikan kredibilitas dan kepercayaan serta pengakuan konsumen; 6) Standar memberikan bahasa tunggal dalam industri untuk mutu (ISO, 2011). \nManfaat ekonomi penerapan standar yang diperoleh oleh UKM, banyak yang bersifat intangible atau tidak berwujud dan tidak terlihat secara nyata dan jelas atau bersifat abstrak dan dilakukan secara makro. Pada tahun 2010, International Organization for Standardization (ISO) telah mengembangkan suatu metode untuk menghitung manfaat ekonomi dari penerpan standar, metode ini disebut dengan ISO Metodology - Economic Benefit Standard (EBS). Tujuan dari metodologi itu antara lain: (1) menyediakan seperangkat metode untuk mengukur dampak dari standar pada penciptaan nilai-nilai organisasi dengan penekanan pada bisnis organisasi; (2) memberikan kriteria yang jelas dan terkelola dengan baik bagi pengambil keputusan untuk menilai hal-hal (value) yang berhubungan dengan standar; (3) memberikan pedoman untuk menilai manfaat dari standar pada sektor industri tertentu (ISO, 2010). ISO Metodology - Economic Benefit Standard (EBS) banyak diaplikasikan pada industri menengah dan besar. Berdasarkan hasil penelitian menggunakan ISO metodologi, penerapan standar memberikan suatu manfaat ekonomi pada pihak penerap standar (Farkah, 2011; Mulyono & Pudjiastuti, 2013; Sari, 2011; Ulkhaq, 2011). Namun, hingga saat ini belum teridentifikasi manfaat ekonomi yang diterima UKM dari penerapan standar dengan menggunakan metode Economic Benefit Standard (EBS). \nBerdasarkan UU Nomor 20 Tahun 2014, BAB VII terkait dengan Pembinaan Pasal 53 ayat 2 (dua) berbunyi “Terhadap Pelaku Usaha mikro dan kecil, diberikan pembinaan paling sedikit berupa fasilitas pembiayaan Sertifikasi dan pemeliharaan Sertifikasi”. Menurut Badan Akuntabilitas Keuangan Negara (BAKN, 2013), ada beberapa bantuan pemerintah kurang efektif dan efisien karena tidak tepatnya sasaran bantuan yang diberikan. Berdasarkan hal tersebut, dalam rangka menjaga efektifitas pembinaan yang berupa fasilitasi pembiayaan dan pemeliharaan sertifikasi, perlu diketahui UKM seperti apa yang mampu menerapkan standar secara konsisten dari variabel-variabel yang mempengaruhinya.\nBerdasarkan latar belakang tersebut, maka penelitian ini bertujuan untuk mengetahui manfaat ekonomi dari penerapan standar pada UKM dengan menggunakan Economic Benefit Standard (EBS) dan mengetahui UKM seperti apa yang dapat menerapkan standar secara konsisten.\n', '1. Mengetahui manfaat ekonomi yang diperoleh oleh UKM dari penerapan standar dalam fungsi bisnis UKM menggunakan ISO Methodology - Economic Benefit Standard (EBS).\n2. Mengetahui tipe UKM yang dapat menerapkan standar secara konsisten.\n', '1. Metodologi ISO Economic Benefits of Standards (EBS) dapat diterapkan pada Usaha Kecil Menengah (UKM) dalam menghitung manfaat ekonomi penerapan standar. Penerapan standar pada UKM memberikan keuntungan (benefit) ekonomi, pada studi kasus di UD Gerak Tani (UKM produsen bumbu siap pakai di Bekasi) mendapatkan keuntungan ekonomi sebesar Rp. 110.590.179,00 per tahun, UD Sari Rasa (UKM produsen tempe kedelai segar di Semarang) sebesar Rp. 348.762.300,00 per tahun dan PT Bali Alus (UKM produsen bahan-bahan spa di Denpasar) sebesar Rp. 45.506.702,00 per tahun.\n2. Dari hasil penelitian  penerapan standar oleh UKM, ternyata 4 variabel independent (dari 6 variabel independent) signifikan mempengaruhi konsistensi UKM dalam menerapkan standar, yaitu variabel nilai penjualan, komitmen UKM, inovasi dan permintaan konsumen. Nilai penjualan yang meningkat akibat penerapan standar akan memacu UKM menerapkan standar secara konsisten. Komitmen pemilik UKM dan inovasi diperlukan untuk menjaga kelangsungan penerapan standar dan roda ekonomi UKM itu sendiri. Sedangkan permintaan konsumen akan suatu jaminan kualitas produk akan membuat suatu batasan daya saing produk UKM, sehingga hanya produk yang memenuhi harapan konsumen yang dapat diterima oleh konsumen. Dalam perdagangan bebas, produk dengan berbagai jenis membanjir di pasar. Konsumen memiliki banyak alternatif untuk memenuhi kebutuhannya. Hanya UKM yang memiliki daya saing strategis yang berkelanjutan akan menang dalam persaingan.\n', '1. Manfaat ekonomi penerapan standar pada UKM perlu didiseminasikan/disosialisasikan baik di internal BSN maupun instansi terkait yang mempunyai fungsi pembinaan UKM, melalui seminar atau workshop untuk meningkatkan kesadaran dan ketertarikan UKM dalam penggunaan/penerapan standar.\n2. Lembaga yang memberikan insentif berupa fasilitasi pembiayaan sertifikasi dan pemeliharaan sertifikasi pada UKM perlu mempertimbangkan 1) nilai penjualan, 2) komitmen UKM, 3) Inovasi dan 4) permintaan konsumen terkait jaminan mutu.\n', '', '', 'LoremIpsum_LoremIpsum.xls', '2015', 0, 'unpublish', '2016-11-25 17:10:26', '2016-11-25 17:10:26', NULL);
INSERT INTO `researches` (`id`, `article_content_id`, `title`, `summary`, `intro`, `background`, `goal`, `conclusion`, `recommendation`, `recommendation_target`, `location`, `file`, `year`, `views`, `status`, `created_at`, `updated_at`, `deleted_at`) VALUES
(89, 158, 'Analisa Standardisasi Jasa Pariwisata Indonesia ', 'Sektor pariwisata mempunyai peranan penting dalam perekonomian nasional, kontribusinya meningkat setiap tahun. Dalam kesepakatan ASEAN Economic Community (AEC), pariwisata menjadi salah satu sektor yang disepakati bersama. Hal ini menunjukkan bahwa perpindahan arus orang akan terjadi di antara negara ASEAN. Dampak bagi pariwisata Indonesia tentunya akan meningkatkan jumlah wisatawan asing yang akan berkunjung ke negara kita. Potensi ini harus diimbangi dengan perangkat standardisasi terhadap pariwisata di Indonesia baik itu dalam segi infrastruktur, kompetensi sumber daya manusia dan jasa yang diberikan.\n Pembangunan kepariwisataan diwujudkan melalui pelaksanaan rencana pembangunan kepariwisataan dengan memperhatikan keanekaragaman, keunikan, dan kekhasan budaya dan alam, serta kebutuhan manusia untuk berwisata. Pembangunan kepariwisataan ini meliputi pembangunan destinasi pariwisata, industri pariwisata, pemasaran dan kelembagaan kepariwisataan. Dalam Undang Undang Nomor 10 Tahun 2009 tentang Kepariwisataan disebutkan pada Pasal 54 yaitu :\n1. Produk, pelayanan, dan pengelolaan usaha pariwisata memiliki standar usaha.\n2. Standar usaha sebagaimana dimaksud pada ayat (1) dilakukan melalui sertifikasi  usaha.\n3. Sertifikasi usaha sebagaimana dimaksud pada ayat (2) dilakukan oleh lembaga mandiri yang berwenang sesuai dengan ketentuan peraturan perundang-undangan.\nKajian ini hanya dibatasi pada tiga usaha pariwisata yaitu hotel (penyediaan akomodasi), jasa perjalanan wisata dan restoran (jasa makanan dan minuman), meskipun terdapat 13 jenis usaha pariwisata menurut UU Nomor 10 Tahun 2009 Pasal 14. Ketigabelas usaha pariwisata tersebut antara lain Daya Tarik Wisata; Kawasan Pariwisata; Jasa Transportasi Wisata; Jasa Perjalanan Wisata; Jasa Makanan dan Minuman; Penyediaan Akomodasi; Penyelenggaraan Kegiatan Hiburan  Rekreasi. Pemilihan tiga usaha pariwisata tersebut yang menjadi batasan kajian dikarenakan pelaku usaha yang ada saat ini sudah menerapkan suatu standar atau aturan yang diatur oleh asosiasi terkait. \nData yang dikumpulkan dalam kajian ini meliputi data primer dan sekunder. Data sekunder diperoleh melalui studi pustaka untuk mendapatkan data mengenai standar usaha yang diatur melalui Peraturan Menteri, data perkembangan jumlah hotel dan biro perjalanan wisata, data standar ISO serta data-data pendukung lainnya yang terkait. Sedangkan untuk data primer didapat dengan cara survei dan wawancara langsung kepada pelaku usaha menggunakan alat bantu kuesioner. Pengumpulan data primer melalui survei lapangan peneitian ini terfokus pada lokus survei yang terdapat pada 4 (empat) kota yaitu: Denpasar dan Yogyakarta (mewakili daerah dengan industri pariwisata yang sudah maju) serta Mataram dan Belitung (mewakili daerah dengan industri pariwisata yang sedang berkembang). Kajian ini menggunakan metode analisa data deskriptif kualitatif.\nHasil kajian menunjukkan bahwa pelaku usaha hotel, jasa perjalanan wisata dan restoran yang mengetahui tentang pemberlakuan standar usaha secara berurutan adalah 87,5%; 33,3% dan 12,5%. Adapun responden hotel bintang 5 mempunyai pengetahuan yang paling baik tentang adanya standar usaha hotel yang diatur melalui Peraturan Menteri Pariwisata yaitu sebesar 100% dibandingkan dengan responden hotel bintang 4 sebesar 80% dan responden bintang 3 sebesar 85,71%. Dilihat dari perbedaan lokus kajian, responden hotel yang terdapat di daerah dengan industri pariwisata yang sudah maju lebih mampu memenuhi persyaratan standar usaha dibandingkan dengan responden hotel yang terdapat di daerah dengan industri pariwisata yang sedang berkembang. Besarnya persentase adalah 71,4% berbanding 55,6%. \nResponden biro perjalanan wisata yang mengetahui tentang adanya standar usaha jasa perjalanan wisata yang diatur melalui Peraturan Menteri Pariwisata rendah yaitu hanya sebesar 33,3%. Sementara apabila dilihat dari perbedaan lokus kajian, responden biro perjalanan wisata yang terdapat di daerah dengan industri pariwisata yang sudah maju lebih banyak yang mampu memenuhi persyaratan standar usaha meskipun nilainya cukup rendah yakni hanya sebesar 20%. Sedangkan pada daerah dengan industri pariwisata yang sedang berkembang, responden biro perjalanan wisata tidak ada yang mampu memenuhi persyaratan standar usaha. \nResponden restoran pengetahuannya tergolong paling rendah diantara pelaku usaha lainnya (hotel dan biro perjalanan wisata). Hanya sebesar 12,5% telah mengetahui adanya standar usaha restoran yang diatur melalui Peraturan Menteri Pariwisata. Sementara itu, responden juga tidak ada yang mampu memenuhi persyaratan standar usaha restoran baik di industri pariwisata yang sudah maju maupun di daerah dengan industri pariwisata yang sedang berkembang.\n Rekomendasi yang diusulkan dari hasil kajian ini, yaitu pemerintah dapat memanfaatkan asosiasi/perhimpunan usaha pariwisata untuk meningkatkan kesadaran pelaku usaha pariwisata terhadap penerapan standar dalam mensosialisasikan standardisasi dan sertifikasi usaha pariwisata; BSN perlu mempercepat penetapan SNI yang sesuai dengan prioritas program Kementerian Pariwisata antara lain standar usaha akomodasi, jasa perjalanan wisata, jasa makanan dan minuman, jasa pengadaan penyelenggaraan wisata, jasa spa. Selain itu perumusan standar terminologi hotel dan akomodasi (adopsi dari ISO 18513:2003) juga diperlukan untuk mendukung sertifikasi di bidang jasa pariwisata, sehingga perlu diusulkan perumusan SNI terminologi hotel dan akomodasi untuk dipertimbangkan dalam PNPS. \n', 'Sektor pariwisata mempunyai peranan penting dalam perekonomian nasional, kontribusinya meningkat setiap tahun. Dalam kesepakatan ASEAN Economic Community (AEC), pariwisata menjadi salah satu sektor yang disepakati bersama. Hal ini menunjukkan bahwa perpindahan arus orang akan terjadi di antara negara ASEAN. Dampak bagi pariwisata Indonesia tentunya akan meningkatkan jumlah wisatawan asing yang akan berkunjung ke negara kita. Potensi ini harus diimbangi dengan perangkat standardisasi terhadap pariwisata di Indonesia baik itu dalam segi infrastruktur, kompetensi sumber daya manusia dan jasa yang diberikan.\n Pembangunan kepariwisataan diwujudkan melalui pelaksanaan rencana pembangunan kepariwisataan dengan memperhatikan keanekaragaman, keunikan, dan kekhasan budaya dan alam, serta kebutuhan manusia untuk berwisata. Pembangunan kepariwisataan ini meliputi pembangunan destinasi pariwisata, industri pariwisata, pemasaran dan kelembagaan kepariwisataan. Dalam Undang Undang Nomor 10 Tahun 2009 tentang Kepariwisataan disebutkan pada Pasal 54 yaitu :\n1. Produk, pelayanan, dan pengelolaan usaha pariwisata memiliki standar usaha.\n2. Standar usaha sebagaimana dimaksud pada ayat (1) dilakukan melalui sertifikasi  usaha.\n3. Sertifikasi usaha sebagaimana dimaksud pada ayat (2) dilakukan oleh lembaga mandiri yang berwenang sesuai dengan ketentuan peraturan perundang-undangan.\nKajian ini hanya dibatasi pada tiga usaha pariwisata yaitu hotel (penyediaan akomodasi), jasa perjalanan wisata dan restoran (jasa makanan dan minuman), meskipun terdapat 13 jenis usaha pariwisata menurut UU Nomor 10 Tahun 2009 Pasal 14. Ketigabelas usaha pariwisata tersebut antara lain Daya Tarik Wisata; Kawasan Pariwisata; Jasa Transportasi Wisata; Jasa Perjalanan Wisata; Jasa Makanan dan Minuman; Penyediaan Akomodasi; Penyelenggaraan Kegiatan Hiburan  Rekreasi. Pemilihan tiga usaha pariwisata tersebut yang menjadi batasan kajian dikarenakan pelaku usaha yang ada saat ini sudah menerapkan suatu standar atau aturan yang diatur oleh asosiasi terkait. \nData yang dikumpulkan dalam kajian ini meliputi data primer dan sekunder. Data sekunder diperoleh melalui studi pustaka untuk mendapatkan data mengenai standar usaha yang diatur melalui Peraturan Menteri, data perkembangan jumlah hotel dan biro perjalanan wisata, data standar ISO serta data-data pendukung lainnya yang terkait. Sedangkan untuk data primer didapat dengan cara survei dan wawancara langsung kepada pelaku usaha menggunakan alat bantu kuesioner. Pengumpulan data primer melalui survei lapangan peneitian ini terfokus pada lokus survei yang terdapat pada 4 (empat) kota yaitu: Denpasar dan Yogyakarta (mewakili daerah dengan industri pariwisata yang sudah maju) serta Mataram dan Belitung (mewakili daerah dengan industri pariwisata yang sedang berkembang). Kajian ini menggunakan metode analisa data deskriptif kualitatif.\nHasil kajian menunjukkan bahwa pelaku usaha hotel, jasa perjalanan wisata dan restoran yang mengetahui tentang pemberlakuan standar usaha secara berurutan adalah 87,5%; 33,3% dan 12,5%. Adapun responden hotel bintang 5 mempunyai pengetahuan yang paling baik tentang adanya standar usaha hotel yang diatur melalui Peraturan Menteri Pariwisata yaitu sebesar 100% dibandingkan dengan responden hotel bintang 4 sebesar 80% dan responden bintang 3 sebesar 85,71%. Dilihat dari perbedaan lokus kajian, responden hotel yang terdapat di daerah dengan industri pariwisata yang sudah maju lebih mampu memenuhi persyaratan standar usaha dibandingkan dengan responden hotel yang terdapat di daerah dengan industri pariwisata yang sedang berkembang. Besarnya persentase adalah 71,4% berbanding 55,6%. \nResponden biro perjalanan wisata yang mengetahui tentang adanya standar usaha jasa perjalanan wisata yang diatur melalui Peraturan Menteri Pariwisata rendah yaitu hanya sebesar 33,3%. Sementara apabila dilihat dari perbedaan lokus kajian, responden biro perjalanan wisata yang terdapat di daerah dengan industri pariwisata yang sudah maju lebih banyak yang mampu memenuhi persyaratan standar usaha meskipun nilainya cukup rendah yakni hanya sebesar 20%. Sedangkan pada daerah dengan industri pariwisata yang sedang berkembang, responden biro perjalanan wisata tidak ada yang mampu memenuhi persyaratan standar usaha. \nResponden restoran pengetahuannya tergolong paling rendah diantara pelaku usaha lainnya (hotel dan biro perjalanan wisata). Hanya sebesar 12,5% telah mengetahui adanya standar usaha restoran yang diatur melalui Peraturan Menteri Pariwisata. Sementara itu, responden juga tidak ada yang mampu memenuhi persyaratan standar usaha restoran baik di industri pariwisata yang sudah maju maupun di daerah dengan industri pariwisata yang sedang berkembang.\n Rekomendasi yang diusulkan dari hasil kajian ini, yaitu pemerintah dapat memanfaatkan asosiasi/perhimpunan usaha pariwisata untuk meningkatkan kesadaran pelaku usaha pariwisata terhadap penerapan standar dalam mensosialisasikan standardisasi dan sertifikasi usaha pariwisata; BSN perlu mempercepat penetapan SNI yang sesuai dengan prioritas program Kementerian Pariwisata antara lain standar usaha akomodasi, jasa perjalanan wisata, jasa makanan dan minuman, jasa pengadaan penyelenggaraan wisata, jasa spa. Selain itu perumusan standar terminologi hotel dan akomodasi (adopsi dari ISO 18513:2003) juga diperlukan untuk mendukung sertifikasi di bidang jasa pariwisata, sehingga perlu diusulkan perumusan SNI terminologi hotel dan akomodasi untuk dipertimbangkan dalam PNPS. \n', 'Pariwisata merupakan salah satu sektor yang disepakati dalam ASEAN Economic Community (AEC). Dengan diberlakukannya AEC pada tahun 2015 akan terjadi peningkatan pergerakan manusia di wilayah ASEAN, yang berarti bahwa jumlah wisatawan ke Indonesia dari negara-negara ASEAN akan meningkat. Hal ini juga didukung dengan adanya rencana pemberlakuan common visa untuk ASEAN yang akan semakin mempermudah masuknya warga asing ke Indonesia. Potensi ini harus terus dikembangkan dan juga harus didukung dengan perangkat standardisasi terhadap pariwisata di Indonesia baik itu dalam segi infrastruktur, kompetensi sumber daya manusia dan jasa yang diberikan. \n Kepariwisataan merupakan bagian integral dari pembangunan nasional yang dilakukan secara sistematis, terencana, terpadu, berkelanjutan, dan bertanggung jawab dengan tetap memberikan perlindungan terhadap nilai-nilai agama, budaya yang hidup dalam masyarakat, kelestarian dan mutu lingkungan hidup, serta kepentingan nasional. Untuk itu pembangunan kepariwisataan diperlukan untuk mendorong pemerataan kesempatan berusaha dan memperoleh manfaat serta mampu menghadapi tantangan perubahan kehidupan lokal, nasional, dan global. Sektor pariwisata Indonesia mengalami peningkatan dalam kontribusinya terhadap perekonomian sebesar 8,4% di tahun 2013. Pertumbuhan yang dialami ini merupakan yang terbesar di antara negara-negara anggota G20 berdasarkan hasil kajian WTTC, otoritas global industri perjalanan dan pariwisata.  Berdasarkan data Kementerian Pariwisata dan Ekonomi Kreatif, sepanjang periode 2005-2012, kawasan pariwisata mampu tumbuh rata-rata 8,3% per tahun, jauh di atas rata-rata pertumbuhan global yang hanya 3,6%. Bahkan pada tahun 2013, arus kunjungan wisatawan ke negara-negara ASEAN sudah mencapai 5%. Pembangunan kepariwisataan diwujudkan melalui pelaksanaan rencana pembangunan kepariwisataan dengan memperhatikan keanekaragaman, keunikan, dan kekhasan budaya dan alam, serta kebutuhan manusia untuk berwisata. Pembangunan kepariwisataan ini meliputi pembangunan destinasi pariwisata, industri pariwisata, pemasaran dan kelembagaan kepariwisataan. Dalam UU No. 10 Tahun 2009 tentang Kepariwisataan disebutkan pada Pasal 54 yaitu :\n1. Produk, pelayanan, dan pengelolaan usaha pariwisata memiliki standar usaha.\n2. Standar usaha sebagaimana dimaksud pada ayat (1) dilakukan melalui sertifikasi  usaha.\n3. Sertifikasi usaha sebagaimana dimaksud pada ayat (2) dilakukan oleh lembaga mandiri yang berwenang sesuai dengan ketentuan peraturan perundang-undangan.\n Hal ini kemudian ditindaklanjuti dalam Peraturan Pemerintah Republik Indonesia Nomor 50 Tahun 2011 Tentang Rencana Induk Pembangunan Kepariwisataan Nasional Tahun 2010 – 2025. Pada Pasal 47 berbunyi arah kebijakan peningkatan daya saing Fasilitas Pariwisata sebagaimana dimaksud dalam Pasal 44 huruf b diwujudkan dalam bentuk pengembangan kapasitas dan kualitas fungsi dan layanan Fasilitas Pariwisata yang memenuhi standar internasional dan mengangkat unsur keunikan dan kekhasan lokal. Kemudian pada Pasal 48  berbunyi strategi untuk pengembangan kapasitas dan kualitas fungsi dan layanan Fasilitas Pariwisata sebagaimana dimaksud dalam Pasal 47 meliputi :\na. Mendorong dan meningkatkan standardisasi dan Sertifikasi Usaha Pariwisata\nb. mengembangkan skema fasilitasi untuk mendorong pertumbuhan Usaha Pariwisata skala usaha mikro, kecil dan menengah; dan \nc. mendorong pemberian insentif untuk menggunakan produk dan tema yang memiliki keunikan dan kekhasan lokal. \n Dalam UU No.10 Tahun 2009 tentang Kepariwisataan dan Peraturan Pemerintah Republik Indonesia Nomor 50 Tahun 2011 Tentang Rencana Induk Pembangunan Kepariwisataan Nasional Tahun 2010–2025, standardisasi dan pariwisata menjadi dua hal yang berkaitan, dimana standardisasi akan menjadi alat pendukung dalam meningkatkan daya saing kepariwisataan di Indonesia. Potensi pariwisata Indonesia harus dimanfaatkan dengan baik dan harus menjadi salah satu strategi pembangunan ekonomi Indonesia. Peran serta pemerintah untuk meningkatkan pariwisata domestik dengan memanfaatkan sumber daya alam dan sumber daya manusia menjadi harapan besar untuk membantu perekonomian, baik dalam  penciptaan lapangan kerja maupun pengentasan kemiskinan. Di negara-negara ASEAN lainnya seperti Singapura, Thailand dan Malaysia telah menjadikan sektor pariwisata menjadi sektor dominan, yang tidak hanya sebagai daya tarik tapi menjadi kunci dan strategi  pembangunan domestik. \n Indonesia sebenarnya memiliki potensi dan keanekaragaman destinasi wisata yang sangat banyak dan tersebar di seluruh nusantara. Akan tetapi, potensi-potensi tersebut masih banyak yang belum termanfaatkan dengan baik dan sempurna. Indonesia seharusnya dapat memanfaatkan daerah yang memiliki potensi wisata besar dan tidak hanya berfokus pada daerah yang selama ini menjadi ikon pariwisata Indonesia di dunia internasional seperti Jakarta, Bali, Bandung, Yogyakarta, Medan, Makassar, dan Manado. Peluang Indonesia untuk menjadikan industri pariwisata menjadi startegi baru dalam  pertumbuhan sangat besar. Namun, pertumbuhan dan perkembangan pariwisata Indonesia masih terkendala beberapa hal, yakni: infrastruktur, sumber daya manusia, regulasi. \n Pertama, infrastruktur. Salah satu yang paling mendasar dalam pertumbuhan ekonomi negara adalah tersedianya infrastrukur yang memudahkan mobilitasi dari wilayah satu ke wilayah lainnya. Kondisi infrastruktur di daerah yang memiliki potensi wisata masih kurang  baik berdampak pada mahalnya biaya akses menuju lokasi wisata. Di sisi lain, ketersedian infrastruktur di lokasi wisata seperti, toilet, penginapan, restoran dan rumah makan, dan fasilitas wisata lainnya akan menjadi hambatan dalam perkembangan obyek wisata. \n Kedua, sumber daya manusia. Daya saing pariwisata Indonesia tidak hanya terdapat  pada potensi wisata saja, melainkan juga pada kreatifitas dan kapabilitas dari manusianya. Indonesia membutuhkan sumber daya manusia yang siap terjun di industri pariwisata dengan keterampilan, kapabilitas dan kreatifitas yang berdaya saing tinggi. \n Ketiga, regulasi. Pemerintah harus menyediakan aturan yang jelas di sektor pariwisata, yang mampu memberikan jaminan aman dan nyaman bagi investor serta dapat menguntungkan semua pihak. Peran pemerintah lokal dan pusat sangat penting untuk mengembangkan pariwisata, acuan regulasi dari pemerintah memberikan intervensi bagi  pelaku bisnis berdasarkan kebutuhan dan kepentingan Indonesia. Sehingga, peran aktif besar pemerintah dapat menjadikan Indonesia sebagai negara pembangunan pariwisata (tourism developmental state) baik di masa akan datang. Di sisi lain, regulasi yang tepat dalam  pembangunan pariwisata akan meminimalkan dampak negatif dari perkembangan pariwisata itu sendiri. \n Oleh karena itu, sebagai upaya peningkatan daya saing pariwisata Indonesia dan peningkatan jumlah wisatawan, usaha-usaha untuk mengatasi kendala harus terus dilakukan dan juga penerapan standardisasi dan sertifikasi baik dari segi produk, pelayanan dan pengelolaan pada usaha pariwisata harus diwujudkan.\n', '1. Mengetahui kesiapan pelaku usaha pariwisata dalam penerapan standar.\n2. Mengusulkan perumusan SNI terminologi hotel dan akomodasi mengenai istilah dan definisi.\n\n', '1. Adanya implementasi sertifikasi kelas bintang di sektor hotel oleh PHRI yang selama ini telah berjalan, memberi pengaruh pada pengetahuan pelaku usaha terhadap standar usaha.\n2. Pelaku usaha hotel yang berada di daerah dengan industri pariwisata yang sudah maju (Bali, DIY) mempunyai kemampuan dalam memenuhi persyaratan standar usaha yaitu sebesar 71,4 % responden. Sedangkan pelaku usaha hotel yang berada di daerah dengan industri pariwisata yang sedang berkembang (NTB, Babel) hanya sebesar 55,6 % responden.\n3. Pelaku usaha jasa perjalanan wisata yang berada di daerah dengan industri pariwisata yang sudah maju (Bali, DIY) mempunyai kemampuan lebih baik dalam memenuhi persyaratan standar usaha yaitu sebesar 20 % responden. Sedangkan pelaku usaha hotel yang berada di daerah dengan industri pariwisata yang sedang berkembang (NTB, Babel) tidak ada yang mampu memenuhi persyaratan standar usaha.  \n4. Pelaku usaha restoran tidak ada yang mampu memenuhi persyaratan standar usaha restoran baik di industri pariwisata yang sudah maju maupun di daerah dengan industri pariwisata yang sedang berkembang.\n5. Pelaku usaha hotel, jasa perjalanan wisata dan restoran yang mengetahui tentang pemberlakuan standar usaha secara berurutan adalah 87,5%; 33,3% dan 12,5% dari total responden dari masing-masing jenis usaha pariwisata.\n6. Pemerintah dalam hal ini Kementerian Pariwisata telah mendorong perumusan SNI bidang perhotelan dan jasa perjalanan wisata, antara lain SNI usaha hotel (tahap program PNPS) dan SNI jasa perjalanan wisata (tahap RSNI 3).  \n7. Standar internasional untuk jasa pariwisata telah dikembangkan oleh ISO 18513:2003 Tourism services — Hotels and other types of tourism accommodation — Terminology, dan diperlukan oleh stakeholder.\n', '1. Diperlukan peningkatan sosialisasi standardisasi dan sertifikasi usaha pariwisata oleh Kementerian Pariwisata dengan memanfaatkan asosiasi/perhimpunan usaha pariwisata untuk meningkatkan kesadaran pelaku usaha pariwisata terhadap penerapan standar pariwisata.\n2. Keseragaman istilah dan definisi di bidang pariwisata khususnya sektor perhotelan perlu didukung standar tentang terminologi hotel dan akomodasi. Untuk itu diperlukan perumusan SNI dengan mengadopsi standar ISO 18513:2003 (daftar terminologi hotel dan akomodasi dapat dilihat pada Tabel 11). \n3. BSN perlu mempercepat penetapan SNI yang sesuai dengan prioritas program Kementerian Pariwisata antara lain standar hotel, standar usaha akomodasi, jasa perjalanan wisata, jasa makanan dan minuman, jasa pengadaan penyelenggaraan wisata, jasa spa; untuk mendukung sertifikasi di bidang jasa pariwisata.  \n', '', '', 'LoremIpsum_LoremIpsum.xls', '2015', 0, 'unpublish', '2016-11-25 17:10:27', '2016-11-25 17:10:27', NULL),
(90, 159, 'Persepsi Publik terhadap Produk Bertanda SNI ', 'Di era perdagangan global, standar merupakan suatu instrumen yang berperan dalam menentukan mutu produk. SNI disusun dengan mempertimbangkan syarat-syarat keselamatan, keamanan, kesehatan, lingkungan hidup (K3L), perkembangan ilmu pengetahuan dan teknologi, serta pengalaman untuk memperoleh manfaat yang sebesar-besarnya. Berdasarkan Pasal 24 ayat (1) UU No.20 tahun 2014 tentang Standardisasi dan Peniliaian Kesesuaian, bahwa dalam hal SNI berkaitan dengan kepentingan keselamatan, keamanan, kesehatan, atau pelestarian fungsi lingkungan hidup, kementerian/lembaga pemerintah non kementerian berwenang menetapkan pemberlakuan SNI secara wajib dengan Peraturan Menteri atau Peraturan Kepala Lembaga Pemerintah Nonkementerian. Dalam hal ini, seluruh produk yang beredar di Indonesia wajib memenuhi syarat mutu yang ditetapkan dalam SNI yang dibuktikan dengan diterbitkannya Sertifikat Produk Penggunaan Tanda SNI (SPPT SNI) oleh Lembaga Sertifikasi Produk (LSPro). Berdasarkan UU No.20 tahun 2014 Pasal 21 ayat (1), SNI dapat diterapkan secara sukarela oleh pelaku usaha, kementerian dan/atau lembaga pemerintah non kementerian, dan/atau pemerintah daerah. Implikasi di dalam negeri, bila konsumen selalu menggunakan dan mencari produk berkualitas (bertanda SNI), dan produsen berlomba-lomba menerapkan SNI secara sukarela, maka hal ini dapat mendorong pertumbuhan konsumsi produk dalam negeri secara signifikan. Pada akhirnya produk Indonesia menjadi produk yang jaya di negeri sendiri.\nPenelitian terhadap Tingkat persepsi publik terhadap produk bertanda SNI dilaksanakan untuk mengukur dan mengetahui gambaran mengenai pemahaman publik terhadap produk bertanda SNI. Dari gambaran tersebut sehingga pemangku kepentingan (stakeholders) terkait dapat mengetahui langkah-langkah selanjutnya yang harus dilakukan dalam era perdagangan bebas. Untuk Persepsi publik/masyarakat, metode pengambilan data dilakukan di Kota besar di Indonesia Bagian Tengah (Denpasar, Mataram, Manado, Banjarmasin) diambil dengan metode random sampling terhadap masyarakat/ pengunjung yang berbelanja di Supermarket/Hypermarket. Sedangkan untuk Persepsi Industri terhadap produk bertanda SNI terkait dengan daya saing, metode pengambilan data dilakukan terhadap perusahaan yang telah menerapkan SNI wajib di wilayah Jakarta, Bekasi dan Tangerang. Kriteria responden K3L  yaitu berusia 17 tahun atau lebih, Berdomisili di kota survei, Pengguna Produk (end users), termasuk industri yang menggunakan produk untuk bahan baku, bahan modal, sedangkan kiteria Responden Daya Saing adalah Produsen/industri. \n\n\n\nBerdasarkan hasil penelitian diperoleh Tingkat Persepsi Masyarakat terhadap K3L Produk Bertanda SNI adalah 7,38 (baik), Tingkat  Persepsi Publik terhadap Daya Saing Produk adalah 7,54 (baik) dan Tingkat  Persepsi terhadap Daya Saing Penerap Standar di Pasar Global adalah 6,74 (baik). Dalam hal pemahaman masyarakat terhadap SNI diperoleh hasil bahwa laki-laki lebih mengenal SNI daripada perempuan dan orang yang bekerja lebih mengenal SNI daripada orang yang tidak bekerja. Dari hasil penelitian media yang lebih efektif digunakan sebagai media promosi mengenalkan SNI adalah Media Elektronik (Televisi dan Radio), sedangkan media sosial signifikan efektif sebagai media promosi untuk usia 17 tahun sampai dengan 30 tahun. Dari hasil penelitian diperoleh kesimpulan pula bahwa pendidikan berpengaruh signifikan terhadap persepsi produk SNI yang aman dikonsumsi, usia berpengaruh signifikan terhadap persepsi produk SNI yang ramah lingkungan, jenis pekerjaan berpengaruh signifikan terhadap persepsi produk SNI yang sehat digunakan dan jenis kelamin berpengaruh signifikan terhadap persepsi produk SNI yang bermutu baik.\n', 'Di era perdagangan global, standar merupakan suatu instrumen yang berperan dalam menentukan mutu produk. SNI disusun dengan mempertimbangkan syarat-syarat keselamatan, keamanan, kesehatan, lingkungan hidup (K3L), perkembangan ilmu pengetahuan dan teknologi, serta pengalaman untuk memperoleh manfaat yang sebesar-besarnya. Berdasarkan Pasal 24 ayat (1) UU No.20 tahun 2014 tentang Standardisasi dan Peniliaian Kesesuaian, bahwa dalam hal SNI berkaitan dengan kepentingan keselamatan, keamanan, kesehatan, atau pelestarian fungsi lingkungan hidup, kementerian/lembaga pemerintah non kementerian berwenang menetapkan pemberlakuan SNI secara wajib dengan Peraturan Menteri atau Peraturan Kepala Lembaga Pemerintah Nonkementerian. Dalam hal ini, seluruh produk yang beredar di Indonesia wajib memenuhi syarat mutu yang ditetapkan dalam SNI yang dibuktikan dengan diterbitkannya Sertifikat Produk Penggunaan Tanda SNI (SPPT SNI) oleh Lembaga Sertifikasi Produk (LSPro). Berdasarkan UU No.20 tahun 2014 Pasal 21 ayat (1), SNI dapat diterapkan secara sukarela oleh pelaku usaha, kementerian dan/atau lembaga pemerintah non kementerian, dan/atau pemerintah daerah. Implikasi di dalam negeri, bila konsumen selalu menggunakan dan mencari produk berkualitas (bertanda SNI), dan produsen berlomba-lomba menerapkan SNI secara sukarela, maka hal ini dapat mendorong pertumbuhan konsumsi produk dalam negeri secara signifikan. Pada akhirnya produk Indonesia menjadi produk yang jaya di negeri sendiri.\nPenelitian terhadap Tingkat persepsi publik terhadap produk bertanda SNI dilaksanakan untuk mengukur dan mengetahui gambaran mengenai pemahaman publik terhadap produk bertanda SNI. Dari gambaran tersebut sehingga pemangku kepentingan (stakeholders) terkait dapat mengetahui langkah-langkah selanjutnya yang harus dilakukan dalam era perdagangan bebas. Untuk Persepsi publik/masyarakat, metode pengambilan data dilakukan di Kota besar di Indonesia Bagian Tengah (Denpasar, Mataram, Manado, Banjarmasin) diambil dengan metode random sampling terhadap masyarakat/ pengunjung yang berbelanja di Supermarket/Hypermarket. Sedangkan untuk Persepsi Industri terhadap produk bertanda SNI terkait dengan daya saing, metode pengambilan data dilakukan terhadap perusahaan yang telah menerapkan SNI wajib di wilayah Jakarta, Bekasi dan Tangerang. Kriteria responden K3L  yaitu berusia 17 tahun atau lebih, Berdomisili di kota survei, Pengguna Produk (end users), termasuk industri yang menggunakan produk untuk bahan baku, bahan modal, sedangkan kiteria Responden Daya Saing adalah Produsen/industri. \n\n\n\nBerdasarkan hasil penelitian diperoleh Tingkat Persepsi Masyarakat terhadap K3L Produk Bertanda SNI adalah 7,38 (baik), Tingkat  Persepsi Publik terhadap Daya Saing Produk adalah 7,54 (baik) dan Tingkat  Persepsi terhadap Daya Saing Penerap Standar di Pasar Global adalah 6,74 (baik). Dalam hal pemahaman masyarakat terhadap SNI diperoleh hasil bahwa laki-laki lebih mengenal SNI daripada perempuan dan orang yang bekerja lebih mengenal SNI daripada orang yang tidak bekerja. Dari hasil penelitian media yang lebih efektif digunakan sebagai media promosi mengenalkan SNI adalah Media Elektronik (Televisi dan Radio), sedangkan media sosial signifikan efektif sebagai media promosi untuk usia 17 tahun sampai dengan 30 tahun. Dari hasil penelitian diperoleh kesimpulan pula bahwa pendidikan berpengaruh signifikan terhadap persepsi produk SNI yang aman dikonsumsi, usia berpengaruh signifikan terhadap persepsi produk SNI yang ramah lingkungan, jenis pekerjaan berpengaruh signifikan terhadap persepsi produk SNI yang sehat digunakan dan jenis kelamin berpengaruh signifikan terhadap persepsi produk SNI yang bermutu baik.\n', 'SNI adalah standar yang ditetapkan oleh Badan Standarisasi Nasional dan berlaku secara nasional. Berdasarkan UU No.20 tahun 2014 Pasal 21 ayat (1), SNI dapat diterapkan secara sukarela oleh pelaku usaha, kementerian dan/atau lembaga pemerintah non kementerian, dan/atau pemerintah daerah. Implikasi di dalam negeri, bila konsumen selalu menggunakan dan mencari produk berkualitas (bertanda SNI), dan produsen berlomba-lomba menerapkan SNI secara sukarela, maka hal ini dapat mendorong pertumbuhan konsumsi produk dalam negeri secara signifikan. Pada akhirnya produk Indonesia menjadi produk yang jaya di negeri sendiri. Hal ini juga sangat dimungkinkan, mengingat SNI sudah dirumuskan dengan mengacu pada standar internasional. Bila kemudian produsen memutuskan melakukan ekspor, maka produk tersebut sudah memenuhi persyaratan standar internasional dan memudahkan transaksi perdagangan. Di era perdagangan global, standar merupakan suatu instrumen yang berperan dalam menentukan mutu produk. SNI disusun dengan mempertimbangkan syarat-syarat keselamatan, keamanan, kesehatan, lingkungan hidup (K3L), perkembangan ilmu pengetahuan dan teknologi, serta pengalaman untuk memperoleh manfaat yang sebesar-besarnya. Berdasarkan Pasal 24 ayat (1) UU No.20 tahun 2014 tentang Standardisasi dan Penilaian Kesesuaian, bahwa dalam hal SNI berkaitan dengan kepentingan keselamatan, keamanan, kesehatan, atau pelestarian fungsi lingkungan hidup, Kementerian/Lembaga Pemerintah Non Kementerian berwenang menetapkan pemberlakuan SNI secara wajib dengan Peraturan Menteri atau Peraturan Kepala Lembaga Pemerintah Non Kementerian. Dalam hal ini, seluruh produk yang beredar di Indonesia wajib memenuhi syarat mutu yang ditetapkan dalam SNI yang dibuktikan dengan diterbitkannya Sertifikat Produk Penggunaan Tanda SNI (SPPT SNI) oleh Lembaga Sertifikasi Produk (LSPro). Dengan demikian, konsumen hanya akan mengonsumsi atau menggunakan produk yang terjamin mutunya dan aman. Terdapat dua syarat utama pemberlakuan SNI secara wajib, yaitu kesiapan industri dalam negeri dan infrastruktur mutu (laboratorium uji dan LSPro). Apabila kedua hal tersebut terpenuhi, maka menteri teknis yang berwenang, misalnya Menteri Perindustrian, Menteri ESDM, Menteri Pertanian, dan sebagainya, akan menerbitkan Peraturan Menteri (Permen). Sebagai anggota dari Organisasi Perdagangan Dunia (WTO), Indonesia, melalui Badan Standardisasi Nasional (BSN), akan menotifikasi draft Permen tersebut ke WTO selama minimal 60 hari. \n\nHal ini ditujukan untuk menginformasikan kepada industri maupun importir bahwa Indonesia akan segera memberlakukan SNI secara wajib, serta untuk mendapat tanggapan dari mereka. Setelah dinotifikasi, kemudian draft akan ditandatangani oleh Menteri dan diundangkan di Lembaran Negara. Pada Umumnya, sebelum SNI wajib betul-betul diterapkan kepada pelaku usaha diberikan waktu minimal 6 bulan untuk dapat mempersiapkan produknya, baik yang akan diproduksi, maupun yang sudah beredar.\nContoh beberapa barang yang wajib SNI antara lain: 1) Mainan anak-anak, sebagaimana diatur dalam Peraturan Menteri Perindustrian Republik Indonesia No. 24/M-IND/PER/4/2013 Tahun 2013 Tentang Pemberlakuan Standar Nasional Indonesia (SNI) Mainan Secara Wajib (“Permen Perindustrian 24/2013”). 2) Ban, yang diatur dalam Peraturan Menteri Perindustrian Republik Indonesia No. 11/M-IND/PER/1/2012 Tahun 2012 Tentang Pemberlakuan Standar Nasional Indonesia (SNI) Ban Secara Wajib sebagaimana terakhir diubah dengan Peraturan Menteri Perindustrian Republik Indonesia No. 27/M-IND/PER/5/2013 Tahun 2013 Tentang Perubahan Kedua Atas Peraturan Menteri Perindustrian Nomor 11/M-IND/PER/1/2012 Tentang Pemberlakuan Standar Nasional Indonesia (SNI) Ban Secara Wajib. 3) Semen, sebagaimana diatur dalam Peraturan Menteri Perindustrian Republik Indonesia No. 18/M-IND/PER/2/2012 Tahun 2012 Tentang Pemberlakuan Standar Nasional Indonesia (SNI) Semen Secara Wajib. 4) Pupuk anorganik tunggal, sebagaimana diatur dalam Peraturan Menteri Perindustrian Republik Indonesia No. 16/M-IND/PER/2/2012 Tahun 2012 Tentang Pemberlakuan Standar Nasional Indonesia (SNI) Pupuk Anorganik Tunggal Secara Wajib. 5) Air minum dalam kemasan, sebagaimana diatur dalam Peraturan Menteri Perindustrian Republik Indonesia No. 49/M-IND/PER/3/2012 Tahun 2012 Tentang Pemberlakuan Standar Nasional Indonesia (SNI) Air Minum Dalam Kemasan (AMDK) Secara Wajib. \nSuatu produk yang sudah memenuhi SNI akan diberi Tanda SNI. Apabila SNI untuk produk tertentu telah diwajibkan, produk yang tidak bertanda SNI tidak boleh diedarkan atau diperdagangkan di wilayah RI.  Sedangkan suatu produk  yang berada di luar daftar yang wajib, Tanda SNI berfungsi sebagai tanda bahwa produk tersebut memiliki keunggulan (value added),  tapi tidak melarang peredaran produk sejenis yang tidak bertanda SNI. Badan Standardisasi Nasional merupakan Lembaga Pemerintah Non Departemen dengan tugas pokok mengembangkan dan membina kegiatan standardisasi di Indonesia. Dan dalam melaksanakan tugasnya Badan Standardisasi Nasional berpedoman pada UU No.20 Tahun 2014 tentang Standardisasi dan Penilaian Kesesuaian dan Peraturan Pemerintah No. 102 Tahun 2000 tentang Standardisasi Nasional. Salah satu tugas Badan Standardisasi Nasional (BSN) sebagai Lembaga Pemerintah Non Kementerian  yaitu melaksanakan penelitian di bidang standardisasi, yang dilaksanakan oleh Pusat Penelitian dan Pengembangan Standardisasi. \n\nTahun 2015 BSN melakukan penelitian terhadap Tingkat persepsi publik terhadap produk bertanda SNI dalam menjaga keselamatan, keamanan, kesehatan masyarakat dan kelestarian fungsi lingkungan hidup serta daya saing. Persepsi masyarakat terhadap produk-produk yang bertanda SNI perlu diketahui untuk mengukur dan mengetahui gambaran mengenai pemahaman publik terhadap produk bertanda SNI. Dari gambaran tersebut sehingga pemangku kepentingan (stakeholders) terkait dapat mengetahui langkah-langkah selanjutnya yang harus dilakukan dalam era perdagangan bebas. Hasil penelitian ini diharapkan dapat dipergunakan untuk mengetahui tingkat persepsi dan kepedulian publik terhadap produk bertanda SNI dan sebagai bahan masukan atau rekomendasi bagi pengembangan dan penerapan standar di Indonesia.\n', 'Mendapatkan gambaran mengenai pemahaman publik terhadap produk bertanda SNI terkait perlindungan K3L.\n2.  Mengetahui kecenderungan sikap dan perilaku publik terhadap produk bertanda SNI.\n3. Mendapatkan gambaran mengenai pemahaman industri terhadap produk bertanda SNI terkait dengan daya saing di pasar global.\n', '1. Tingkat Persepsi Masyarakat Terhadap Produk Bertanda SNI adalah 7,38 (baik).\n2. Tingkat  Persepsi Publik Terhadap Daya Saing Produk adalah 7,54 (baik).\n3. Tingkat  Persepsi Terhadap Daya Saing Penerap Standar di Pasar Global adalah 6,74 (baik).\n4. Terkait pemahaman masyarakat terhadap SNI, laki-laki lebih mengenal SNI daripada perempuan dan orang yang bekerja lebih mengenal SNI daripada orang yang tidak bekerja.\n5. Media Elektronik (Televisi dan Radio) maupun Media melalui Produk wajib (helm, tabung gas, mainan anak) signifikan sebagai media promosi mengenalkan SNI.\n6. Media Sosial signifikan sebagai media promosi untuk usia 17 tahun sampai dengan 30 tahun.\n7. Pendidikan berpengaruh signifikan bahwa produk SNI aman dikonsumsi.\n8. Usia berpengaruh signifikan bahwa produk SNI ramah lingkungan.\n9. Pekerjaan berpengaruh signifikan bahwa produk SNI sehat digunakan.\n10. Jenis Kelamin berpengaruh signifikan bahwa produk SNI bermutu baik.\n', '1. Untuk menjangkau masyarakat yang lebih luas terhadap pengetahuan produk bertanda SNI terkait K3L, unit terkait di BSN perlu melakukan sosialisasi melalui media elektronik (televisi dan radio).\n2. Unit terkait di BSN dan instansi terkait perlu semakin menggalakkan pemasyarakatan terhadap produk-produk rumah tangga yang bertanda SNI.\n3. Perlu dilakukan penyempurnaan metode penelitian pada penelitian berikutnya. \n', '', '', 'LoremIpsum_LoremIpsum.xls', '2015', 0, 'unpublish', '2016-11-25 17:10:27', '2016-11-25 17:10:27', NULL);
INSERT INTO `researches` (`id`, `article_content_id`, `title`, `summary`, `intro`, `background`, `goal`, `conclusion`, `recommendation`, `recommendation_target`, `location`, `file`, `year`, `views`, `status`, `created_at`, `updated_at`, `deleted_at`) VALUES
(91, 160, 'Pengembangan Komponen SNI Mobil Listrik', 'Minyak bumi merupakan sumber energi primer yang sangat mendominasi penggunaannya dalam memenuhi kebutuhan energi dunia. Untuk mengatasi hal ini, beberapa upaya dilakukan dalam rangka menurunkan angka pemakaian minyak bumi antara lain melalui pemanfaatan sumber energi alternatif sebagai pengganti bahan bakar minyak bumi yang dalam hal ini adalah pengembangan mobil listrik.  Mobil listrik adalah kendaraan yang digerakkan dengan motor listrik, menggunakan energi listrik yang disimpan dalam baterai. Kelebihan mobil listrik jika dibandingkan dengan mobil bermesin pembakaran adalah mobil listrik tidak menghasilkan emisi kendaraan bermotor. \nDi Indonesia teknologi mobil listrik telah lama berkembang. Ini terlihat dari banyaknya riset mengenai mobil listrik yang telah dilakukan oleh para peneliti dan akademisi di Indonesia. Melihat kebijakan pemerintah dalam hal kenaikan harga BBM, penggunaan mobil listrik akan menjadi solusi sebagai media diversifikasi energi pada sarana transportasi. Pembahasan program mobil listrik nasional telah dilaksanakan  di Istana Negara Yogyakarta pada bulan Mei 2012  dengan menghadirkan Presiden RI, Anggota Kabinet, dan para Rektor dari berbagai universitas. Dalam pertemuan membahas tentang kesiapan industri nasional dalam mengembangkan mobil listrik. Hal ini sejalan dengan Peraturan Presiden  Nomor 28  Tahun 2008 Tentang Kebijakan Industri Nasional, dimana pemerintah telah menetapkan program penguatan, pendalaman dan penumbuhan di berbagai klaster industri prioritas. Program mobil listrk diharapkan juga sebagai jawaban atas program penguatan, pendalaman dan penumbuhan di Industri otomotif nasional. Dalam proses produksi mobil listrik diperlukan standar ataupun spesifikasi teknis yang dapat menjamin mutu produk mobil listrik dan meningkatkan daya saing produk mobil listrik di pasar. Untuk mendukung pengembangan industri mobil listrik nasional, maka  penelitian  ini bertujuan untuk mengembangkan draft SNI komponen mobil listrik.\n Penelitian ini dibatasi pada beberapa komponen mobil listrik yang menjadi produk prioritas penelitian dimaksud, pengembangan Standar Nasional Indonesia (SNI) difokuskan pada komponen mobil listrik nasional dan bukan standar sistem, untuk program penelitian TA 2015, Standar Nasional Indonesia (SNI) yang dikembangkan  terfokus pada Draft RSNI terminologi dan Draft RSNI sel baterai mobil listrik.\nDalam penelitian ini, data dikumpulkan melalui studi pustaka dan survei lapangan. Data yang dikumpulkan dengan studi pustaka adalah data SNI dan Standar Internasional (SI) terkait produk prioritas komponen mobil listrik. Adapun untuk data primer dari pengembang mobil listrik dilakukan dengan cara survei dan wawancara menggunakan alat kuesioner. Pelaksanaan survei peneitian ini terfokus pada lokus survei yang dipusatkan pada 6 (enam)  kota yaitu : DKI  Jakarta, Tangerang, Bandung, Solo, Yogyakarta dan Surabaya. Penelitian ini menggunakan metode analisis data deskriptif kualitatif.\nHasil penelitian ini telah menghasilkan 3 (tiga) draft  SNI yaitu 1 (satu) draft  RSNI  terminologi mobil listrik: Draft  RSNI ISO 8713:2012 Kendaraan berpenggerak (propulsi) listrik -  Vocabulary dan 2 (dua) draft RSNI pengujian sel baterai masing-masing: Draft RSNI IEC 62660-1 Sel ion Lithium sekunder untuk penggerak kendaraan listrik Bagian 1 : Pengujian Unjuk Kerja dan draft RSNI IEC 62660-2 Sel ion-lithium sekunder untuk penggerak kendaraan listrik–Bagian 2: Pengujian keandalan dan penyalahgunaan. Penelitian ini juga menyimpulkan bahwa  sebanyak 94% responden pengembang komponen mobil listrik menyetujui untuk melakukan adopsi identik terkait dengan pengembangan draft RSNI tersebut. Informasi lain yang diperoleh dari hasil survei pada pengembang mobil listrik/ komponen mobil listrik  yaitu sebanyak 72 % pengembang komponen mobil listrik merupakan pengembang komponen baru dan  28%  merupakan perakit komponen; Sebanyak 78% pengembang komponen mobil listrik telah  mengetahui standar internasional komponen mobil listrik, yaitu ISO dan IEC; serta sebanyak 55 % pengembang komponen menyatakan bahwa standar internasional ISO dan IEC telah digunakan sebagai acuan dalam pengembangan komponen mobil listrik di institusi. \nDari hasil penelitian juga didapatkan bahwa sebanyak 62,5% responden mampu melakukan pengujian terkait  parameter yang sesuai dengan draft RSNI IEC 62660-1 dan draft RSNI IEC 62660-2. Sebanyak 37,5% responden (dari total 8 responden pengembang baterai) belum mampu melakukan pengujian terkait  parameter yang terdapat dalam kedua standar tersebut.  Untuk draft RSNI IEC 62660-1, terdapat 3 parameter pengujian yang belum dapat diujikan); sedangkan untuk draft RSNI IEC 62660-2 terdapat 9 parameter pengujian yang belum dapat diujikan. Untuk pemenuhan parameter  pengujian yang terdapat dalam draft RSNI IEC 62660-1 dan draft RSNI IEC 62660-2, sebagian besar responden mengalami kendala terkait ketersediaan peralatan pengujian (peralatan pengkondisian ruang uji). Hal tersebut dikarenakan pada saat pengujian beberapa parameter uji mempersyaratkan kondisi uji pada suhu-suhu tertentu. Namun demikian, kendala tersebut  akan teratasi dengan pengadaan alat pengujian yang akan dilakukan oleh para pengembang mobil listrik.\nRekomendasi yang diperoleh dari penelitian ini, yaitu mengusulkan kepada komtek 43.01 melalui PPS untuk mengadopsi identik ISO/TR 8713:2012, IEC 62660-1, IEC 62660-2 menjadi SNI. Diperlu pemberian insentif kepada pengembang komponen mobil listrik dalam rangka pemenuhan parameter-parameter yang belum mampu diterapkan dalam draft RSNI  IEC 62660-1 dan draft RSNI IEC 62660-2. Perlu melibatkan pengembang komponen mobil listrik dalam rangka pengembangan SNI komponen lain mobil listrik.\n', 'Minyak bumi merupakan sumber energi primer yang sangat mendominasi penggunaannya dalam memenuhi kebutuhan energi dunia. Untuk mengatasi hal ini, beberapa upaya dilakukan dalam rangka menurunkan angka pemakaian minyak bumi antara lain melalui pemanfaatan sumber energi alternatif sebagai pengganti bahan bakar minyak bumi yang dalam hal ini adalah pengembangan mobil listrik.  Mobil listrik adalah kendaraan yang digerakkan dengan motor listrik, menggunakan energi listrik yang disimpan dalam baterai. Kelebihan mobil listrik jika dibandingkan dengan mobil bermesin pembakaran adalah mobil listrik tidak menghasilkan emisi kendaraan bermotor. \nDi Indonesia teknologi mobil listrik telah lama berkembang. Ini terlihat dari banyaknya riset mengenai mobil listrik yang telah dilakukan oleh para peneliti dan akademisi di Indonesia. Melihat kebijakan pemerintah dalam hal kenaikan harga BBM, penggunaan mobil listrik akan menjadi solusi sebagai media diversifikasi energi pada sarana transportasi. Pembahasan program mobil listrik nasional telah dilaksanakan  di Istana Negara Yogyakarta pada bulan Mei 2012  dengan menghadirkan Presiden RI, Anggota Kabinet, dan para Rektor dari berbagai universitas. Dalam pertemuan membahas tentang kesiapan industri nasional dalam mengembangkan mobil listrik. Hal ini sejalan dengan Peraturan Presiden  Nomor 28  Tahun 2008 Tentang Kebijakan Industri Nasional, dimana pemerintah telah menetapkan program penguatan, pendalaman dan penumbuhan di berbagai klaster industri prioritas. Program mobil listrk diharapkan juga sebagai jawaban atas program penguatan, pendalaman dan penumbuhan di Industri otomotif nasional. Dalam proses produksi mobil listrik diperlukan standar ataupun spesifikasi teknis yang dapat menjamin mutu produk mobil listrik dan meningkatkan daya saing produk mobil listrik di pasar. Untuk mendukung pengembangan industri mobil listrik nasional, maka  penelitian  ini bertujuan untuk mengembangkan draft SNI komponen mobil listrik.\n Penelitian ini dibatasi pada beberapa komponen mobil listrik yang menjadi produk prioritas penelitian dimaksud, pengembangan Standar Nasional Indonesia (SNI) difokuskan pada komponen mobil listrik nasional dan bukan standar sistem, untuk program penelitian TA 2015, Standar Nasional Indonesia (SNI) yang dikembangkan  terfokus pada Draft RSNI terminologi dan Draft RSNI sel baterai mobil listrik.\nDalam penelitian ini, data dikumpulkan melalui studi pustaka dan survei lapangan. Data yang dikumpulkan dengan studi pustaka adalah data SNI dan Standar Internasional (SI) terkait produk prioritas komponen mobil listrik. Adapun untuk data primer dari pengembang mobil listrik dilakukan dengan cara survei dan wawancara menggunakan alat kuesioner. Pelaksanaan survei peneitian ini terfokus pada lokus survei yang dipusatkan pada 6 (enam)  kota yaitu : DKI  Jakarta, Tangerang, Bandung, Solo, Yogyakarta dan Surabaya. Penelitian ini menggunakan metode analisis data deskriptif kualitatif.\nHasil penelitian ini telah menghasilkan 3 (tiga) draft  SNI yaitu 1 (satu) draft  RSNI  terminologi mobil listrik: Draft  RSNI ISO 8713:2012 Kendaraan berpenggerak (propulsi) listrik -  Vocabulary dan 2 (dua) draft RSNI pengujian sel baterai masing-masing: Draft RSNI IEC 62660-1 Sel ion Lithium sekunder untuk penggerak kendaraan listrik Bagian 1 : Pengujian Unjuk Kerja dan draft RSNI IEC 62660-2 Sel ion-lithium sekunder untuk penggerak kendaraan listrik–Bagian 2: Pengujian keandalan dan penyalahgunaan. Penelitian ini juga menyimpulkan bahwa  sebanyak 94% responden pengembang komponen mobil listrik menyetujui untuk melakukan adopsi identik terkait dengan pengembangan draft RSNI tersebut. Informasi lain yang diperoleh dari hasil survei pada pengembang mobil listrik/ komponen mobil listrik  yaitu sebanyak 72 % pengembang komponen mobil listrik merupakan pengembang komponen baru dan  28%  merupakan perakit komponen; Sebanyak 78% pengembang komponen mobil listrik telah  mengetahui standar internasional komponen mobil listrik, yaitu ISO dan IEC; serta sebanyak 55 % pengembang komponen menyatakan bahwa standar internasional ISO dan IEC telah digunakan sebagai acuan dalam pengembangan komponen mobil listrik di institusi. \nDari hasil penelitian juga didapatkan bahwa sebanyak 62,5% responden mampu melakukan pengujian terkait  parameter yang sesuai dengan draft RSNI IEC 62660-1 dan draft RSNI IEC 62660-2. Sebanyak 37,5% responden (dari total 8 responden pengembang baterai) belum mampu melakukan pengujian terkait  parameter yang terdapat dalam kedua standar tersebut.  Untuk draft RSNI IEC 62660-1, terdapat 3 parameter pengujian yang belum dapat diujikan); sedangkan untuk draft RSNI IEC 62660-2 terdapat 9 parameter pengujian yang belum dapat diujikan. Untuk pemenuhan parameter  pengujian yang terdapat dalam draft RSNI IEC 62660-1 dan draft RSNI IEC 62660-2, sebagian besar responden mengalami kendala terkait ketersediaan peralatan pengujian (peralatan pengkondisian ruang uji). Hal tersebut dikarenakan pada saat pengujian beberapa parameter uji mempersyaratkan kondisi uji pada suhu-suhu tertentu. Namun demikian, kendala tersebut  akan teratasi dengan pengadaan alat pengujian yang akan dilakukan oleh para pengembang mobil listrik.\nRekomendasi yang diperoleh dari penelitian ini, yaitu mengusulkan kepada komtek 43.01 melalui PPS untuk mengadopsi identik ISO/TR 8713:2012, IEC 62660-1, IEC 62660-2 menjadi SNI. Diperlu pemberian insentif kepada pengembang komponen mobil listrik dalam rangka pemenuhan parameter-parameter yang belum mampu diterapkan dalam draft RSNI  IEC 62660-1 dan draft RSNI IEC 62660-2. Perlu melibatkan pengembang komponen mobil listrik dalam rangka pengembangan SNI komponen lain mobil listrik.\n', 'Minyak bumi merupakan sumber energi primer yang menduduki urutan pertama penggunaanya di dunia. Penggunaan minyak bumi sebagai sumber energi primer berbanding terbalik dengan jumlah cadangan minyak bumi yang tersedia untuk memenuhi kebutuhan energi dunia. Melihat kondisi Indonesia, pada tahun 2010 Bappenas memperkirakan cadangan minyak mentah indonesia hanya tinggal 9 (sembilan) milliar barel dan diprediksi  akan habis dalam 18 tahun mendatang.  \nBeberapa upaya dalam menurunkan angka pemakaian energi dapat dilakukan dengan beberapa langkah, antara lain melalui efisiensi energi, konservasi energi dan diversifikasi energi. Salah satu upaya diversifikasi energi untuk mengurangi ketergantungan terhadap bahan bakar minyak adalah dengan pengembangan sumber energi alternatif sebagai pengganti bahan bakar minyak. Seperti halnya penggunaan minyak tanah yang sekarang telah beralih kepada sumber energi gas melalui program konversi minyak tanah ke gas yang telah dicanangkan oleh pemerintah. Melihat kemudahan proses pengolahan energi dari berbagai sumber energi lain untuk menjadi energi siap pakai (energi listrik), maka  energi listrik merupakan alternatif sumber energi yang dapat menggantikan peran penggunaan minyak bumi sebagai sumber energi utama didunia. \nKendaraan bermotor merupakan salah satu pengguna  terbesar dari minyak bumi.  Penggunaan minyak bumi yang terus menerus akan mengakibatkan cadangan minyak bumi yang tersedia akan semakin menurun sehingga diperlukan langkah-langkah pengurangan penggunaan minyak bumi. Salah satu bentuk pengurangan penggunaan energi minyak bumi pada kendaran bermotor adalah dengan pemanfaatan mobil listrik. Mobil listrik adalah mobil yang digerakkan dengan motor listrik, menggunakan energi listrik yang disimpan dalam baterai atau tempat penyimpan energi lainnya. Saat ini perhatian dunia akan pengembangan mobil listrik sangat besar terlebih didukung oleh kenaikan harga minyak yang melambung tinggi.  Kelebihan mobil listrik jika dibandingkan dengan mobil bermesin pembakaran dalam biasa adalah mobil listrik tidak menghasilkan emisi kendaraan bermotor. Pabrikan dunia seperti Renault, Mitsubishi, Nissan, dan produsen otomotif lainnya berlomba membuat kendaraan ramah lingkungan ini untuk dipasarkan diberbagai belahan dunia. \nDi Indonesia sendiri teknologi mobil listrik telah lama berkembang. Ini telihat dari banyaknya riset mengenai mobil listrik yang dilakukan oleh para peneliti dan akademisi di Indonesia. Melihat kebijakan pemerintah dalam hal kenaikan harga BBM, penggunaan mobil listrik akan menjadi solusi sebagai media diversifiksi energi pada sarana transportasi. Pemerintah tidak tinggal diam melihat keadaan yang terjadi. Hal ini terlihat dengan dilakukannya pertemuan pembahasan program mobil listrik nasional yang dilaksanakan  di Istana Negara Yogyakarta pada bulan Mei 2012  dengan menghadirkan Presiden RI, Anggota Kabinet, dan para Rektor dari berbagai universitas. Dalam pertemuan membahas tentang kesiapan industri nasional dalam mengembangkan mobil listrik. Hal ini sejalan dengan Peraturan Presiden  Nomor 28  Tahun 2008 Tentang Kebijakan Industri Nasional, dimana pemerintah telah menetapkan program penguatan, pendalaman dan penumbuhan di berbagai klaster industri prioritas. Di industri kendaraan bermotor sendiri salah satu programnya adalah meningkatkan penguasaan teknologi dan pengembangan produk  baik komponen maupun kendaraan utuh. Program mobil listrk diharapkan juga sebagai jawaban atas program penguatan, pendalaman dan penumbuhan di Industri otomotif nasional. Institut Teknologi Sepuluh Nopember (ITS) telah melakukan penelitian tentang pengembangan komponen mobil listrik. Dari hasil penelitian ITS tahun 2014 telah direkomendasikan bahwa belum tersedianya Standar Nasional Indoneisa (SNI) terkait komponen mobil listrik diantaranya yaitu standar keselamatan (roadworthiness), standar baterai, standar keamanan komponen-komponen mobil listrik (motor, controller, standar proteksi, dan sebagainya), standar charging dan charger. Dalam proses produksi mobil listrik diperlukan standar ataupun spesifikasi teknis yang dapat menjamin mutu produk mobil listrik dan meningkatkan daya saing produk mobil listrik di pasar. Untuk mendukung pengembangan industri mobil listrik nasional, maka  penelitian  ini bertujuan untuk mengembangkan draft SNI komponen mobil listrik.\n', 'Penelitan ini bertujuan untuk  mengembangkan draft SNI komponen mobil listrik nasional\n\n', '1. Penelitian ini telah menghasilkan 3 (tiga) draft  RSNI yaitu 1 (satu) draft  RSNI  terminologi mobil listrik  (Draft  RSNI ISO 8713:2012 Kendaraan berpenggerak (propulsi) listrik -  Vocabulary) dan 2 (dua) draft RSNI pengujian sel baterai (Draft RSNI IEC 62660-1 Sel ion Lithium sekunder untuk penggerak kendaraan listrik - Bagian 1 : pengujian unjuk kerja)   dan draft  RSNI IEC 62660-2 Sel ion-lithium sekunder untuk penggerak kendaraan listrik–Bagian 2: Pengujian keandalan dan penyalahgunaan) (Draft RSNI terlampir). Sebanyak 94% responden pengembang komponen mobil listrik menyetujui untuk melakukan adopsi identik terkait dengan pengembangan draft RSNI tersebut. Responden menyatakan perlu pengembangan draft RSNI ini dikarenakan sampai dengan saat ini belum ada standar terkait pengujian sel baterai mobil listrik. \n2. Informasi yang diperoleh dari hasil survei pada pengembang mobil listrik/ komponen mobil listrik  yaitu :\na) Sebanyak 72 % pengembang komponen mobil listrik merupakan pengembang komponen baru dan  28%  merupakan perakit komponen. \nb) Sebanyak 78% pengembang komponen mobil listrik telah  mengetahui standar internasional komponen mobil listrik, yaitu ISO dan IEC. \nc) Sebanyak 55 % pengembang komponen menyatakan bahwa standar internasional ISO dan IEC telah digunakan sebagai acuan dalam pengembangan komponen mobil listrik di institusi. \n3. Dari hasil penelitian ini didapatkan bahwa sebanyak 62,5% responden (dari total 8 responden pengembang baterai) yang mampu melakukan pengujian terkait  parameter yang terdapat dalam draft RSNI IEC 62660-1 dan draft RSNI IEC 62660-2.\n4. Sebanyak 37,5% responden (dari total 8 responden pengembang baterai) belum mampu melakukan pengujian terkait  parameter yang terdapat dalam kedua standar tersebut,  Untuk RSNI IEC 62660-1, meliputi parameter pada Pasal 7.4 daya; Pasal 7.6.2 umur penyimpanan; dan  Pasal 7.7 uji umur siklus : uji siklus pengisian dan pengosongan (BEV dan HEV); sedangkan untuk RSNI IEC 62660-2 meliputi  parameter  pada Pasal 5.2 pengukuran kapasitas; Pasal 6.1.1 getaran; Pasal 6.1.2 kejutan mekanis; Pasal 6.1.3  penghancuran;  Pasal 6.2.1 ketahanan suhu tinggi;  Pasal 6.2.2 uji siklus Suhu; 6.3.1 hubung singkat eksternal; 6.3.2 pengisian-lebih; 6.3.3 pengosongan paksa.\n5. Untuk pemenuhan parameter  pengujian yang terdapat dalam draft  RSNI IEC 62660-1 dan draft  RSNI IEC 62660-2, sebagian besar responden mengalami kendala terkait ketersediaan peralatan pengujian (peralatan pengkondisian ruang uji). Hal tersebut dikarenakan pada saat pengujian beberapa parameter uji mempersyaratkan kondisi uji pada suhu-suhu tertentu. Namun demikian, kendala tersebut  akan teratasi dengan pengadaan alat pengujian yang akan dilakukan oleh para pengembang mobil listrik.\n', '1. Mengusulkan kepada Komite Teknis 43.01 Rekayasa Kendaraan Jalan Raya melalui Pusat Perumusan Standar  Badan Standardisasi Nasional untuk mengadopsi identik ISO/TR 8713:2012, IEC 62660-1, IEC 62660-2 menjadi SNI. \n2. Sebagian besar pengembang komponen mobil listrik adalah pengembang komponen baru, hal ini menjadi dasar pertimbangan perlunya pengembangan SNI komponen mobil listrik untuk mendukung kemampuan produksi mobil listrik nasional.\n3. Diusulkan kepada pemerintah (Kementerian Perindustrian/Kemenristek Dikti/Kementerian teknis terkait) untuk memberikan insentif kepada pengembang komponen mobil listrik dalam rangka pemenuhan parameter-parameter yang belum mampu diterapkan dalam Draft RSNI  IEC 62660-1 dan Draft RSNI IEC 62660-2.\n4. Dalam rangka pengembangan SNI komponen mobil listrik lainnya pada tahun mendatang dan seterusnya,direkomendasikan untuk dapat melibatkan pengembang  komponen mobil listrik sebagaimana tercantum pada tabel 6 pengembang komponen mobil listrik.\n', '', '', 'LoremIpsum_LoremIpsum.xls', '2015', 0, 'unpublish', '2016-11-25 17:10:28', '2016-11-25 17:10:28', NULL),
(92, 161, 'Dampak Pemberlakuan SNI Kelompok Mainan Anak Secara Wajib pada Industri dan LPK, dan Penyusunan Kategori SNI Mainan Anak test', 'Penelitian ini bertujuan untuk menyusun suatu panduan informasi mengenai mainan anak dengan SNI dan standar terkait dalam rangka pelaksanaan penerapan SNI mainan anak secara wajib. Selain itu penelitian ini juga bertujuan untuk menganalisis dampak pemberlakuan SNI mainan anak secara wajib terhadap produsen, importir, distributor, LSPro dan laboratorium penguji. \n Panduan mainan anak disusun dengan maksud memberikan informasi kepada stakeholder mainan anak dan masyarakat umum (konsumen) mengenai batasan produk mainan anak yang masuk dalam persyaratan SNI produk mainan anak (SNI ISO 8124) secara wajib dan batasan produk mainan anak yang tidak masuk dalam kategori produk yang dipersyaratkan dalam standar tersebut serta sejumlah informasi penting lainnya terkait persyaratan SNI mainan anak dan beberapa persoalan definisi mainan anak. Adapun dalam analisis dampak digunakan sejumlah parameter atau variabel yang dianggap penting untuk perbaikan sebagai respon stakeholder dari kebijakan tersebut, yang meliputi: perubahan investasi, ekspansi pasar, harga jual produk, jumlah pemasok, harga bahan baku, biaya produksi, volume penjualan, pangsa pasar, jumlah pengaduan, permintaan sertifikasi/pengujian, lama waktu sertifikasi, biaya sertifikasi, perbedaan hasil uji, ketidakjelasan mengenai kelompok HS mainan. Setiap parameter tersebut dipotret sebagai suatu yang meningkat (naik), menurun (turun) atau konstan (tetap) bagi stakeholder. \n Hasilnya menunjukkan bahwa bagi industri, importir dan distributor pemberlakuan SNI mainan anak secara wajib berdampak pada peningkatan harga jual produk yang disebabkan oleh adanya biaya sertifikasi mainan anak. Selain itu juga kebijakan ini juga berdampak pada penurunan volume penjualan. Hal ini mungkin disebabkan oleh peningkatan harga jual produk mainan anak, yang kemudian berimplikasi pada penurunan daya beli masyarakat. Daya beli masyarakat yang menurun akan berdampak penurunan volume penjualan mainan anak oleh produsen, importir dan distributor. Namun peningkatan harga jual produk mainan anak terjadi sebagai akibat pelemahan nilai rupiah (nilai tukar US$ naik di tahun 2015) terhadap dollar, sehingga diakui sedikit memperlambat mobilisasi impor mainan anak (kualitas medium ke atas). Akibatnya, mainan impor (kualitas medium ke bawah) menjadi preferensi konsumen terkhusus mainan anak kelompok “mainan lain-lain” karena lebih murah. Di sisi lain pemberlakuan SNI mainan anak secara wajib berdampak pada kecenderungan peningkatan jumlah modal (operasional) yang disebabkan adanya penambahan biaya untuk sertifikasi dan perubahan bahan baku akibat persyaratan SNI. Kebijakan ini juga berdampak pada ekspansi pasar produk mainan anak yang cenderung stagnan artinya industri merasakan tidak adanya perubahan pangsa pasar yang dimilikinya. Selain itu juga, kebijakan ini tidak memberikan dampak kenaikan yang signifikan terhadap jumlah pemasok, harga bahan baku, volume ekspor, dan jumlah pengaduan. \n Bagi importir dan distributor, daya saing produk mainan di pasar tetap tinggi karena meskipun daya beli pasar sedikit mengalami penurunan namun produk mainan impor masih menjadi minat masyarakat Indonesia. Karena komposisi sosial ekonomi masyarakat Indonesia adalah 39,6% kelas bawah dan 25,15% kelas menengah. Jika ditotal 64,75% merupakan kelas menengah-bawah. Masih rasional apabila mainan impor murah masih menjadi preferensi masyarakat. \nDari sudut pandang lain dapat disimpulkan bahwa pemberlakuan SNI mainan anak secara wajib menimbulkan sejumlah masalah terkait industri di lapangan yang harus dibenahi yaitu: metode pengambilan contoh, ketersediaan cat mainan anak sesuai SNI, masa sertifikasi yang membebani industri, biaya sertifikasi yang membebani UKM, adaptasi regulasi dengan UKM, inkonsistensi pelaporan hasil produksi, perubahan bahan baku yang menaikkan harga jual. \nBagi LSPro dan laboratorium uji, pemberlakuan SNI mainan anak secara wajib berdampak yang paling dominan adalah pada peningkatan perbedaaan hasil uji antar laboratorium yang diantaranya disebabkan belum adanya hasil uji profisiensi mainan anak. Secara umum kebijakan ini berdampak pada peningkatan permintaan sertifikasi/pengujian, peningkatan waktu sertifikasi, peningkatan biaya sertifikasi, peningkatan ketidakjelasan kategori mainan anak, peningkatan parameter tidak memenuhi hasil uji dan peningkatan jumlah pengaduan. Dari sudut pandang lain dapat disimpulkan bahwa pemberlakuan SNI mainan anak secara wajib menimbulkan sejumlah masalah terkait laboratorium uji yang belum ditunjuk atau diakreditasi KAN, pelabelan SNI yang beragam di lapangan, perbedaan hasil uji menimbulkan kerancuan hasil SHU, tanggungjawab LSPro terkait sertifikasi produk terurai, tanggungjawab BSN terhadap logo SNI dan belum adanya parameter pengujian LED dalam juknis. Peningkatan perbedaan hasil uji justru semakin tinggi dialami oleh LSPro dan laboratorium uji yang disebabkan oleh perbedaan SDM, metode uji, alat kalibrasi, dan belum adanya uji profisiensi.\nSejumlah rekomendasi terkait regulasi, juknis,  SNI dan instansi teknis diuraikan dalam penelitian ini (subbab 4.11).\n\n\nLorem Ipsum Lorem Ipsum Lorem Ipsum Lorem Ipsum Lorem Ipsum Lorem Ipsum Lorem Ipsum Lorem Ipsum Lorem Ipsum Lorem Ipsum Lorem Ipsum Lorem Ipsum Lorem Ipsum Lorem Ipsum Lorem Ipsum Lorem Ipsum Lorem Ipsum Lorem Ipsum Lorem Ipsum Lorem Ipsum Lorem Ipsum Lorem Ipsum Lorem Ipsum Lorem Ipsum Lorem Ipsum Lorem Ipsum Lorem Ipsum Lorem Ipsum Lorem Ipsum Lorem Ipsum ', 'Penelitian ini bertujuan untuk menyusun suatu panduan informasi mengenai mainan anak dengan SNI dan standar terkait dalam rangka pelaksanaan penerapan SNI mainan anak secara wajib. Selain itu penelitian ini juga bertujuan untuk menganalisis dampak pemberlakuan SNI mainan anak secara wajib terhadap produsen, importir, distributor, LSPro dan laboratorium penguji. \n Panduan mainan anak disusun dengan maksud memberikan informasi kepada stakeholder mainan anak dan masyarakat umum (konsumen) mengenai batasan produk mainan anak yang masuk dalam persyaratan SNI produk mainan anak (SNI ISO 8124) secara wajib dan batasan produk mainan anak yang tidak masuk dalam kategori produk yang dipersyaratkan dalam standar tersebut serta sejumlah informasi penting lainnya terkait persyaratan SNI mainan anak dan beberapa persoalan definisi mainan anak. Adapun dalam analisis dampak digunakan sejumlah parameter atau variabel yang dianggap penting untuk perbaikan sebagai respon stakeholder dari kebijakan tersebut, yang meliputi: perubahan investasi, ekspansi pasar, harga jual produk, jumlah pemasok, harga bahan baku, biaya produksi, volume penjualan, pangsa pasar, jumlah pengaduan, permintaan sertifikasi/pengujian, lama waktu sertifikasi, biaya sertifikasi, perbedaan hasil uji, ketidakjelasan mengenai kelompok HS mainan. Setiap parameter tersebut dipotret sebagai suatu yang meningkat (naik), menurun (turun) atau konstan (tetap) bagi stakeholder. \n Hasilnya menunjukkan bahwa bagi industri, importir dan distributor pemberlakuan SNI mainan anak secara wajib berdampak pada peningkatan harga jual produk yang disebabkan oleh adanya biaya sertifikasi mainan anak. Selain itu juga kebijakan ini juga berdampak pada penurunan volume penjualan. Hal ini mungkin disebabkan oleh peningkatan harga jual produk mainan anak, yang kemudian berimplikasi pada penurunan daya beli masyarakat. Daya beli masyarakat yang menurun akan berdampak penurunan volume penjualan mainan anak oleh produsen, importir dan distributor. Namun peningkatan harga jual produk mainan anak terjadi sebagai akibat pelemahan nilai rupiah (nilai tukar US$ naik di tahun 2015) terhadap dollar, sehingga diakui sedikit memperlambat mobilisasi impor mainan anak (kualitas medium ke atas). Akibatnya, mainan impor (kualitas medium ke bawah) menjadi preferensi konsumen terkhusus mainan anak kelompok “mainan lain-lain” karena lebih murah. Di sisi lain pemberlakuan SNI mainan anak secara wajib berdampak pada kecenderungan peningkatan jumlah modal (operasional) yang disebabkan adanya penambahan biaya untuk sertifikasi dan perubahan bahan baku akibat persyaratan SNI. Kebijakan ini juga berdampak pada ekspansi pasar produk mainan anak yang cenderung stagnan artinya industri merasakan tidak adanya perubahan pangsa pasar yang dimilikinya. Selain itu juga, kebijakan ini tidak memberikan dampak kenaikan yang signifikan terhadap jumlah pemasok, harga bahan baku, volume ekspor, dan jumlah pengaduan. \n Bagi importir dan distributor, daya saing produk mainan di pasar tetap tinggi karena meskipun daya beli pasar sedikit mengalami penurunan namun produk mainan impor masih menjadi minat masyarakat Indonesia. Karena komposisi sosial ekonomi masyarakat Indonesia adalah 39,6% kelas bawah dan 25,15% kelas menengah. Jika ditotal 64,75% merupakan kelas menengah-bawah. Masih rasional apabila mainan impor murah masih menjadi preferensi masyarakat. \nDari sudut pandang lain dapat disimpulkan bahwa pemberlakuan SNI mainan anak secara wajib menimbulkan sejumlah masalah terkait industri di lapangan yang harus dibenahi yaitu: metode pengambilan contoh, ketersediaan cat mainan anak sesuai SNI, masa sertifikasi yang membebani industri, biaya sertifikasi yang membebani UKM, adaptasi regulasi dengan UKM, inkonsistensi pelaporan hasil produksi, perubahan bahan baku yang menaikkan harga jual. \nBagi LSPro dan laboratorium uji, pemberlakuan SNI mainan anak secara wajib berdampak yang paling dominan adalah pada peningkatan perbedaaan hasil uji antar laboratorium yang diantaranya disebabkan belum adanya hasil uji profisiensi mainan anak. Secara umum kebijakan ini berdampak pada peningkatan permintaan sertifikasi/pengujian, peningkatan waktu sertifikasi, peningkatan biaya sertifikasi, peningkatan ketidakjelasan kategori mainan anak, peningkatan parameter tidak memenuhi hasil uji dan peningkatan jumlah pengaduan. Dari sudut pandang lain dapat disimpulkan bahwa pemberlakuan SNI mainan anak secara wajib menimbulkan sejumlah masalah terkait laboratorium uji yang belum ditunjuk atau diakreditasi KAN, pelabelan SNI yang beragam di lapangan, perbedaan hasil uji menimbulkan kerancuan hasil SHU, tanggungjawab LSPro terkait sertifikasi produk terurai, tanggungjawab BSN terhadap logo SNI dan belum adanya parameter pengujian LED dalam juknis. Peningkatan perbedaan hasil uji justru semakin tinggi dialami oleh LSPro dan laboratorium uji yang disebabkan oleh perbedaan SDM, metode uji, alat kalibrasi, dan belum adanya uji profisiensi.\nSejumlah rekomendasi terkait regulasi, juknis,  SNI dan instansi teknis diuraikan dalam penelitian ini (subbab 4.11).\n\n\nLorem Ipsum Lorem Ipsum Lorem Ipsum Lorem Ipsum Lorem Ipsum Lorem Ipsum Lorem Ipsum Lorem Ipsum Lorem Ipsum Lorem Ipsum Lorem Ipsum Lorem Ipsum Lorem Ipsum Lorem Ipsum Lorem Ipsum Lorem Ipsum Lorem Ipsum Lorem Ipsum Lorem Ipsum Lorem Ipsum Lorem Ipsum Lorem Ipsum Lorem Ipsum Lorem Ipsum Lorem Ipsum Lorem Ipsum Lorem Ipsum Lorem Ipsum Lorem Ipsum Lorem Ipsum ', 'Pada tahun 2013, Pemerintah melalui Kementerian Perindustrian memberlakukan secara wajib Standar Nasional Indonesia (SNI) Mainan Anak dengan Peraturan Menteri Perindustrian Republik Indonesia Nomor 24/M-IND/PER/4/2013 yang kemudian dirubah dengan Peraturan Nomor 55/M-IND/PER/11/2013. SNI yang diberlakukan secara wajib dalam peraturan tersebut terdiri dari 5 SNI beberapa parameter dalam standar EN dan SNI. Didalam peraturan tersebut pula, mainan dikelompokkan dalam 12 jenis yang mangacu pada Kode Harmonized System (HS Code), setiap jenis mainan dapat terdiri dari beberapa variasi, dan tidak tertutup kemungkinan terdapat mainan yang tidak terkena peraturan tersebut. Kondisi seperti ini menyulitkan untuk mengetahui persyaratan apa saja bagi produk mainan sehingga perlu dibuat sebuah panduan informasi tentang kategori mainan anak dengan SNI-nya yang terkait, agar menghindari kebingungan, membuat keseragaman pemahaman antara penerap dan pengawas pasar, yang akhirnya akan memudahkan penerapan SNI bagi semua pihak. \nTerkait pemberlakuan Standar Nasional Indonesia (SNI) secara wajib, BSN menerbitkan Pedoman Standardisasi Nasional (PSN) Nomor 301 Tahun 2011. Di dalam PSN tersebut disebutkan bahwa ketentuan dalam regulasi teknis merupakan intervensi pasar yang berdampak pada kegiatan usaha seperti menghambat persaingan sehat, menghambat inovasi, menghambat perkembangan UKM (Usaha Kecil dan Menengah), sehingga analisis kesiapan harus dilakukan, antara lain terkait kesiapan pelaku usaha dan kesiapan lembaga penilaian kesesuaian. Analisis  kesiapan tentang hal ini telah ada seperti yang dilakukan oleh Eddy dan Dwinna (2010).\nDengan adanya PSN 301 dan kajian tentang kesiapan yang sudah dilakukan tentu diharapkan pemberlakuan secara wajib SNI Mainan Anak memberikan dampak yang positif pada pasar. Sebuah penelitian diperlukan untuk menganalisis kesiapan yang telah diprediksikan sebelumnya pada pelaku usaha dan LPK, dengan studi kasus yang intensif dan mendalam pada satu pemberlakuan wajib SNI (SNI Mainan Anak). Kajian tentang dampak penerapan SNI wajib pada produk mainan anak sedang dilakukan oleh BSN pada tahun fiskal 2014 untuk SNI yang telah diberlakukan wajib minimal 2 tahun. Dengan penelitian ini diharapkan dapat sinergis memberikan dasar ilmiah, faktual, dapat dipertanggungjawabkan, yang bermanfaat digunakan untuk memperbaiki dan mengembangkan sistem standardisasi khususnya penerapan SNI.\n Lorem Ipsum Lorem Ipsum Lorem Ipsum Lorem Ipsum Lorem Ipsum Lorem Ipsum Lorem Ipsum Lorem Ipsum Lorem Ipsum Lorem Ipsum Lorem Ipsum Lorem Ipsum Lorem Ipsum Lorem Ipsum Lorem Ipsum Lorem Ipsum Lorem Ipsum Lorem Ipsum Lorem Ipsum Lorem Ipsum Lorem Ipsum Lorem Ipsum Lorem Ipsum Lorem Ipsum Lorem Ipsum Lorem Ipsum Lorem Ipsum Lorem Ipsum Lorem Ipsum Lorem Ipsum ', '1. Membuat panduan informasi mainan anak dengan SNI-nya\n2. Menganalisis dampak pemberlakuan wajib SNI (SNI Mainan Anak) pada industri dan LPK\n', '1. Regulasi (Peraturan Menteri dan Petunjuk Teknis) dan SNI telah mempunyai kejelasan dalam pengaturan pemberlakuan SNI mainan anak secara wajib, namun masih ditemukan ketentuan yang mengandung multitafsir, sehingga terjadi pemahaman dan implementasi yang berbeda-beda di lapangan, antara lain tentang a) batasan umur pada definisi mainan anak; b) jenis mainan yang tidak termasuk kelompok Harmonize System (HS) mainan yaitu produk baby walker; c) kelompok HS produk yang masuk kategori mainan tetapi belum masuk pada regulasi yaitu konsol dan mesin video game (HS 9504), barang dan perlengkapan latihan fisik (HS 9506) dan kelompok komedi putar, ayunan, galeri tembak (HS 9508); d) aspek standar yang harus dikenakan pada suatu produk mainan anak; e) jumlah sampel yang diambil sebagai bahan pengujian; f) ketentuan pelabelan (terkait 11 elemen yang wajib dicantumkan, pengelompokan usia, pelabelan khusus pada beberapa mainan). \n2. Salah satu output  dari hasil penelitian ini adalah “Panduan Identifikasi Mainan Anak terhadap SNI dan Standar Terkait”, yang berisi informasi tentang a) batasan produk mainan anak yang masuk dalam regulasi teknis mainan anak; b) produk mainan anak yang tidak masuk dalam regulasi teknis; c) jawaban atas permasalahan yang muncul di lapangan.\n3. Bagi Industri, importir dan distributor pemberlakuan SNI mainan anak secara wajib berdampak pada peningkatan harga jual produk yang disebabkan oleh adanya biaya sertifikasi mainan anak. Selain itu juga berdampak pada penurunan volume penjualan yang mungkin disebabkan oleh peningkatan harga jual yang berakibat pada penurunan daya beli masyarakat yang akhirnya berimbas pada penurunan volume penjualan. Di sisi lain pemberlakuan SNI mainan anak secara wajib berdampak pada kecenderungan peningkatan jumlah modal yang disebabkan oleh adanya penambahan biaya untuk sertifikasi dan perubahan bahan baku. Juga kecenderungan pada stagnasi ekspansi pasar produk mainan anak artinya industri merasakan tidak adanya perubahan pangsa pasar yang dimilikinya. Selain itu juga, kebijakan ini tidak memberikan dampak yang signifikan terhadap jumlah pemasok, harga bahan baku, volume ekspor, dan jumlah pengaduan. Dari sudut pandang lain dapat disimpulkan bahwa pemberlakuan SNI mainan anak secara wajib menimbulkan sejumlah masalah terkait industri di lapangan yang harus dibenahi yaitu: metode pengambilan contoh, ketersediaan cat mainan anak sesuai SNI, masa sertifikasi yang membebani industri, biaya sertifikasi yang membebani UKM, adaptasi regulasi dengan UKM, inkonsistensi pelaporan hasil produksi, perubahan bahan baku yang menaikkan harga jual.\n4. Bagi LSPro dan laboratorium uji pemberlakuan SNI mainan anak secara wajib berdampak yang paling dominan adalah pada peningkatan perbedaaan hasil uji antar laboratorium yang diantaranya disebabkan belum adanya hasil uji profisiensi mainan anak. Secara umum kebijakan ini berdampak pada peningkatan permintaan sertifikasi/pengujian, peningkatan waktu sertifiaksi, peningkatan biaya sertifikasi, peningkatan ketidakjelasan kategori mainan anak, peningkatan parameter tidak memenuhi hasil uji dan peningkatan jumlah pengaduan. Dari sudut pandang lain dapat disimpulkan bahwa pemberlakuan SNI mainan anak secara wajib menimbulkan sejumlah masalah terkait laboratorium uji yang belum ditunjuk atau diakreditasi KAN, pelabelan SNI yang beragam di lapangan, perbedaan hasil uji menimbulkan kerancuan hasil SHU, tanggung jawab LSPro terkait sertifikasi produk terurai, tanggung jawab BSN terhadap logo SNI dan belum adanya parameter pengujian LED. Peningkatan perbedaan hasil uji justru semakin tinggi dialami oleh LSPro dan laboratorium uji yang disebabkan oleh perbedaan SDM, metode uji, alat kalibrasi, dan belum adanya uji profisiensi.\n Lorem Ipsum Lorem Ipsum Lorem Ipsum Lorem Ipsum Lorem Ipsum Lorem Ipsum Lorem Ipsum Lorem Ipsum Lorem Ipsum Lorem Ipsum Lorem Ipsum Lorem Ipsum Lorem Ipsum Lorem Ipsum Lorem Ipsum Lorem Ipsum Lorem Ipsum Lorem Ipsum Lorem Ipsum Lorem Ipsum Lorem Ipsum Lorem Ipsum Lorem Ipsum Lorem Ipsum Lorem Ipsum Lorem Ipsum Lorem Ipsum Lorem Ipsum Lorem Ipsum Lorem Ipsum ', '1. Kementerian teknis bekerja sama dengan Badan Standardisasi Nasional (BSN) perlu memberikan penjelasan kepada stake holder terkait pemahaman yang berbeda-beda di masyarakat tentang: definisi mainan anak, batasan umur mainan anak, produk mirip atau menyerupai mainan seperti: pajangan, suvenir, gantungan kunci, permen mainan, tas boneka, bantal tulang, play dough dan sebagainya menggunakan suatu panduan. “Panduan Identifikasi Mainan Anak terhadap SNI dan Standar Terkait” diusulkan dapat digunakan sebagai panduan oleh Kementerian teknis maupun BSN dalam melakukan pemahaman terhadap peraturan pemberlakuan SNI wajib mainan anak.\n2. Akar masalah dari peningkatan harga jual dan  penurunan volume penjualan produk mainan anak adalah faktor biaya sertifikasi mainan anak yang dirasakan bersama-sama membebani industri, importir dan distributor; maka dalam hal ini pemerintah hendaknya konsisten mengalokasikan  insentif  biaya sertifikasi mainan anak khusus bagi produsen UKM.\n3. Pemerintah perlu mengembangkan infrastruktur industri atau insentif, yang difokuskan pada rantai pendukung industri mainan anak sektor hulu seperti: bahan baku dan standardisasi bahan baku serta penguatan infrastruktur hulu industri mainan anak.\n4. Untuk mengatasi masalah perbedaan hasil antar laboratorium, KAN perlu menyelenggarakan uji profisiensi untuk lingkup mainan anak, penguatan kapasitas SDM LPK, penyeragaman metode uji, dan konsistensi kalibrasi alat pada laboratorium uji terkhusus untuk mainan anak.\n5. Instansi pembina LPK perlu meningkatkan kapasitas laboratorium uji mainan anak di Indonesia untuk mengantisipasi peningkatan jumlah permintaan sertifikasi dan peningkatan lama waktu sertifikasi. \n6. Instansi yang terkait pembinaan LPK perlu memberikan insentif untuk ketersediaan material referensi pengujian atau memberikan kebijakan penurunan pajak impor bahan material referensi uji sehingga biaya pengujian dapat ditekan. \n7. KAN perlu lebih komprehensif dalam melakukan pemahaman kepada LSPro dan laboratorium uji mengenai ketidakjelasan kategori mainan anak di lapangan, pelabelan SNI.\n8. Pemerintah (BSN) perlu lebih banyak melakukan sosialisasi pemahaman logo SNI dan tanggungjawabnya terhadap produk yang bertanda SNI.\n9. BSN perlu merumuskan standar LED untuk mainan anak.\n1. Kementerian teknis bekerja sama dengan Badan Standardisasi Nasional (BSN) perlu memberikan penjelasan kepada stake holder terkait pemahaman yang berbeda-beda di masyarakat tentang: definisi mainan anak, batasan umur mainan anak, produk mirip atau menyerupai mainan seperti: pajangan, suvenir, gantungan kunci, permen mainan, tas boneka, bantal tulang, play dough dan sebagainya menggunakan suatu panduan. “Panduan Identifikasi Mainan Anak terhadap SNI dan Standar Terkait” diusulkan dapat digunakan sebagai panduan oleh Kementerian teknis maupun BSN dalam melakukan pemahaman terhadap peraturan pemberlakuan SNI wajib mainan anak.\n2. Akar masalah dari peningkatan harga jual dan  penurunan volume penjualan produk mainan anak adalah faktor biaya sertifikasi mainan anak yang dirasakan bersama-sama membebani industri, importir dan distributor; maka dalam hal ini pemerintah hendaknya konsisten mengalokasikan  insentif  biaya sertifikasi mainan anak khusus bagi produsen UKM.\n3. Pemerintah perlu mengembangkan infrastruktur industri atau insentif, yang difokuskan pada rantai pendukung industri mainan anak sektor hulu seperti: bahan baku dan standardisasi bahan baku serta penguatan infrastruktur hulu industri mainan anak.\n4. Untuk mengatasi masalah perbedaan hasil antar laboratorium, KAN perlu menyelenggarakan uji profisiensi untuk lingkup mainan anak, penguatan kapasitas SDM LPK, penyeragaman metode uji, dan konsistensi kalibrasi alat pada laboratorium uji terkhusus untuk mainan anak.\n5. Instansi pembina LPK perlu meningkatkan kapasitas laboratorium uji mainan anak di Indonesia untuk mengantisipasi peningkatan jumlah permintaan sertifikasi dan peningkatan lama waktu sertifikasi. \n6. Instansi yang terkait pembinaan LPK perlu memberikan insentif untuk ketersediaan material referensi pengujian atau memberikan kebijakan penurunan pajak impor bahan material referensi uji sehingga biaya pengujian dapat ditekan. \n7. KAN perlu lebih komprehensif dalam melakukan pemahaman kepada LSPro dan laboratorium uji mengenai ketidakjelasan kategori mainan anak di lapangan, pelabelan SNI.\n8. Pemerintah (BSN) perlu lebih banyak melakukan sosialisasi pemahaman logo SNI dan tanggungjawabnya terhadap produk yang bertanda SNI.\n9. BSN perlu merumuskan standar LED untuk mainan anak.\n', 'Pemerintah', '', 'LoremIpsum_LoremIpsum.xls', '2015', 0, 'unpublish', '2016-11-26 13:42:30', '2016-11-26 13:42:30', NULL);
INSERT INTO `researches` (`id`, `article_content_id`, `title`, `summary`, `intro`, `background`, `goal`, `conclusion`, `recommendation`, `recommendation_target`, `location`, `file`, `year`, `views`, `status`, `created_at`, `updated_at`, `deleted_at`) VALUES
(93, 162, 'Dampak Pemberlakuan SNI Kelompok Mainan Anak Secara Wajib pada Industri dan LPK, dan Penyusunan Kategori SNI Mainan Anak test 1', 'Penelitian ini bertujuan untuk menyusun suatu panduan informasi mengenai mainan anak dengan SNI dan standar terkait dalam rangka pelaksanaan penerapan SNI mainan anak secara wajib. Selain itu penelitian ini juga bertujuan untuk menganalisis dampak pemberlakuan SNI mainan anak secara wajib terhadap produsen, importir, distributor, LSPro dan laboratorium penguji. \n Panduan mainan anak disusun dengan maksud memberikan informasi kepada stakeholder mainan anak dan masyarakat umum (konsumen) mengenai batasan produk mainan anak yang masuk dalam persyaratan SNI produk mainan anak (SNI ISO 8124) secara wajib dan batasan produk mainan anak yang tidak masuk dalam kategori produk yang dipersyaratkan dalam standar tersebut serta sejumlah informasi penting lainnya terkait persyaratan SNI mainan anak dan beberapa persoalan definisi mainan anak. Adapun dalam analisis dampak digunakan sejumlah parameter atau variabel yang dianggap penting untuk perbaikan sebagai respon stakeholder dari kebijakan tersebut, yang meliputi: perubahan investasi, ekspansi pasar, harga jual produk, jumlah pemasok, harga bahan baku, biaya produksi, volume penjualan, pangsa pasar, jumlah pengaduan, permintaan sertifikasi/pengujian, lama waktu sertifikasi, biaya sertifikasi, perbedaan hasil uji, ketidakjelasan mengenai kelompok HS mainan. Setiap parameter tersebut dipotret sebagai suatu yang meningkat (naik), menurun (turun) atau konstan (tetap) bagi stakeholder. \n Hasilnya menunjukkan bahwa bagi industri, importir dan distributor pemberlakuan SNI mainan anak secara wajib berdampak pada peningkatan harga jual produk yang disebabkan oleh adanya biaya sertifikasi mainan anak. Selain itu juga kebijakan ini juga berdampak pada penurunan volume penjualan. Hal ini mungkin disebabkan oleh peningkatan harga jual produk mainan anak, yang kemudian berimplikasi pada penurunan daya beli masyarakat. Daya beli masyarakat yang menurun akan berdampak penurunan volume penjualan mainan anak oleh produsen, importir dan distributor. Namun peningkatan harga jual produk mainan anak terjadi sebagai akibat pelemahan nilai rupiah (nilai tukar US$ naik di tahun 2015) terhadap dollar, sehingga diakui sedikit memperlambat mobilisasi impor mainan anak (kualitas medium ke atas). Akibatnya, mainan impor (kualitas medium ke bawah) menjadi preferensi konsumen terkhusus mainan anak kelompok “mainan lain-lain” karena lebih murah. Di sisi lain pemberlakuan SNI mainan anak secara wajib berdampak pada kecenderungan peningkatan jumlah modal (operasional) yang disebabkan adanya penambahan biaya untuk sertifikasi dan perubahan bahan baku akibat persyaratan SNI. Kebijakan ini juga berdampak pada ekspansi pasar produk mainan anak yang cenderung stagnan artinya industri merasakan tidak adanya perubahan pangsa pasar yang dimilikinya. Selain itu juga, kebijakan ini tidak memberikan dampak kenaikan yang signifikan terhadap jumlah pemasok, harga bahan baku, volume ekspor, dan jumlah pengaduan. \n Bagi importir dan distributor, daya saing produk mainan di pasar tetap tinggi karena meskipun daya beli pasar sedikit mengalami penurunan namun produk mainan impor masih menjadi minat masyarakat Indonesia. Karena komposisi sosial ekonomi masyarakat Indonesia adalah 39,6% kelas bawah dan 25,15% kelas menengah. Jika ditotal 64,75% merupakan kelas menengah-bawah. Masih rasional apabila mainan impor murah masih menjadi preferensi masyarakat. \nDari sudut pandang lain dapat disimpulkan bahwa pemberlakuan SNI mainan anak secara wajib menimbulkan sejumlah masalah terkait industri di lapangan yang harus dibenahi yaitu: metode pengambilan contoh, ketersediaan cat mainan anak sesuai SNI, masa sertifikasi yang membebani industri, biaya sertifikasi yang membebani UKM, adaptasi regulasi dengan UKM, inkonsistensi pelaporan hasil produksi, perubahan bahan baku yang menaikkan harga jual. \nBagi LSPro dan laboratorium uji, pemberlakuan SNI mainan anak secara wajib berdampak yang paling dominan adalah pada peningkatan perbedaaan hasil uji antar laboratorium yang diantaranya disebabkan belum adanya hasil uji profisiensi mainan anak. Secara umum kebijakan ini berdampak pada peningkatan permintaan sertifikasi/pengujian, peningkatan waktu sertifikasi, peningkatan biaya sertifikasi, peningkatan ketidakjelasan kategori mainan anak, peningkatan parameter tidak memenuhi hasil uji dan peningkatan jumlah pengaduan. Dari sudut pandang lain dapat disimpulkan bahwa pemberlakuan SNI mainan anak secara wajib menimbulkan sejumlah masalah terkait laboratorium uji yang belum ditunjuk atau diakreditasi KAN, pelabelan SNI yang beragam di lapangan, perbedaan hasil uji menimbulkan kerancuan hasil SHU, tanggungjawab LSPro terkait sertifikasi produk terurai, tanggungjawab BSN terhadap logo SNI dan belum adanya parameter pengujian LED dalam juknis. Peningkatan perbedaan hasil uji justru semakin tinggi dialami oleh LSPro dan laboratorium uji yang disebabkan oleh perbedaan SDM, metode uji, alat kalibrasi, dan belum adanya uji profisiensi.\nSejumlah rekomendasi terkait regulasi, juknis,  SNI dan instansi teknis diuraikan dalam penelitian ini (subbab 4.11).\n\n\nLorem Ipsum Lorem Ipsum Lorem Ipsum Lorem Ipsum Lorem Ipsum Lorem Ipsum Lorem Ipsum Lorem Ipsum Lorem Ipsum Lorem Ipsum Lorem Ipsum Lorem Ipsum Lorem Ipsum Lorem Ipsum Lorem Ipsum Lorem Ipsum Lorem Ipsum Lorem Ipsum Lorem Ipsum Lorem Ipsum Lorem Ipsum Lorem Ipsum Lorem Ipsum Lorem Ipsum Lorem Ipsum Lorem Ipsum Lorem Ipsum Lorem Ipsum Lorem Ipsum Lorem Ipsum ', 'Penelitian ini bertujuan untuk menyusun suatu panduan informasi mengenai mainan anak dengan SNI dan standar terkait dalam rangka pelaksanaan penerapan SNI mainan anak secara wajib. Selain itu penelitian ini juga bertujuan untuk menganalisis dampak pemberlakuan SNI mainan anak secara wajib terhadap produsen, importir, distributor, LSPro dan laboratorium penguji. \n Panduan mainan anak disusun dengan maksud memberikan informasi kepada stakeholder mainan anak dan masyarakat umum (konsumen) mengenai batasan produk mainan anak yang masuk dalam persyaratan SNI produk mainan anak (SNI ISO 8124) secara wajib dan batasan produk mainan anak yang tidak masuk dalam kategori produk yang dipersyaratkan dalam standar tersebut serta sejumlah informasi penting lainnya terkait persyaratan SNI mainan anak dan beberapa persoalan definisi mainan anak. Adapun dalam analisis dampak digunakan sejumlah parameter atau variabel yang dianggap penting untuk perbaikan sebagai respon stakeholder dari kebijakan tersebut, yang meliputi: perubahan investasi, ekspansi pasar, harga jual produk, jumlah pemasok, harga bahan baku, biaya produksi, volume penjualan, pangsa pasar, jumlah pengaduan, permintaan sertifikasi/pengujian, lama waktu sertifikasi, biaya sertifikasi, perbedaan hasil uji, ketidakjelasan mengenai kelompok HS mainan. Setiap parameter tersebut dipotret sebagai suatu yang meningkat (naik), menurun (turun) atau konstan (tetap) bagi stakeholder. \n Hasilnya menunjukkan bahwa bagi industri, importir dan distributor pemberlakuan SNI mainan anak secara wajib berdampak pada peningkatan harga jual produk yang disebabkan oleh adanya biaya sertifikasi mainan anak. Selain itu juga kebijakan ini juga berdampak pada penurunan volume penjualan. Hal ini mungkin disebabkan oleh peningkatan harga jual produk mainan anak, yang kemudian berimplikasi pada penurunan daya beli masyarakat. Daya beli masyarakat yang menurun akan berdampak penurunan volume penjualan mainan anak oleh produsen, importir dan distributor. Namun peningkatan harga jual produk mainan anak terjadi sebagai akibat pelemahan nilai rupiah (nilai tukar US$ naik di tahun 2015) terhadap dollar, sehingga diakui sedikit memperlambat mobilisasi impor mainan anak (kualitas medium ke atas). Akibatnya, mainan impor (kualitas medium ke bawah) menjadi preferensi konsumen terkhusus mainan anak kelompok “mainan lain-lain” karena lebih murah. Di sisi lain pemberlakuan SNI mainan anak secara wajib berdampak pada kecenderungan peningkatan jumlah modal (operasional) yang disebabkan adanya penambahan biaya untuk sertifikasi dan perubahan bahan baku akibat persyaratan SNI. Kebijakan ini juga berdampak pada ekspansi pasar produk mainan anak yang cenderung stagnan artinya industri merasakan tidak adanya perubahan pangsa pasar yang dimilikinya. Selain itu juga, kebijakan ini tidak memberikan dampak kenaikan yang signifikan terhadap jumlah pemasok, harga bahan baku, volume ekspor, dan jumlah pengaduan. \n Bagi importir dan distributor, daya saing produk mainan di pasar tetap tinggi karena meskipun daya beli pasar sedikit mengalami penurunan namun produk mainan impor masih menjadi minat masyarakat Indonesia. Karena komposisi sosial ekonomi masyarakat Indonesia adalah 39,6% kelas bawah dan 25,15% kelas menengah. Jika ditotal 64,75% merupakan kelas menengah-bawah. Masih rasional apabila mainan impor murah masih menjadi preferensi masyarakat. \nDari sudut pandang lain dapat disimpulkan bahwa pemberlakuan SNI mainan anak secara wajib menimbulkan sejumlah masalah terkait industri di lapangan yang harus dibenahi yaitu: metode pengambilan contoh, ketersediaan cat mainan anak sesuai SNI, masa sertifikasi yang membebani industri, biaya sertifikasi yang membebani UKM, adaptasi regulasi dengan UKM, inkonsistensi pelaporan hasil produksi, perubahan bahan baku yang menaikkan harga jual. \nBagi LSPro dan laboratorium uji, pemberlakuan SNI mainan anak secara wajib berdampak yang paling dominan adalah pada peningkatan perbedaaan hasil uji antar laboratorium yang diantaranya disebabkan belum adanya hasil uji profisiensi mainan anak. Secara umum kebijakan ini berdampak pada peningkatan permintaan sertifikasi/pengujian, peningkatan waktu sertifikasi, peningkatan biaya sertifikasi, peningkatan ketidakjelasan kategori mainan anak, peningkatan parameter tidak memenuhi hasil uji dan peningkatan jumlah pengaduan. Dari sudut pandang lain dapat disimpulkan bahwa pemberlakuan SNI mainan anak secara wajib menimbulkan sejumlah masalah terkait laboratorium uji yang belum ditunjuk atau diakreditasi KAN, pelabelan SNI yang beragam di lapangan, perbedaan hasil uji menimbulkan kerancuan hasil SHU, tanggungjawab LSPro terkait sertifikasi produk terurai, tanggungjawab BSN terhadap logo SNI dan belum adanya parameter pengujian LED dalam juknis. Peningkatan perbedaan hasil uji justru semakin tinggi dialami oleh LSPro dan laboratorium uji yang disebabkan oleh perbedaan SDM, metode uji, alat kalibrasi, dan belum adanya uji profisiensi.\nSejumlah rekomendasi terkait regulasi, juknis,  SNI dan instansi teknis diuraikan dalam penelitian ini (subbab 4.11).\n\n\nLorem Ipsum Lorem Ipsum Lorem Ipsum Lorem Ipsum Lorem Ipsum Lorem Ipsum Lorem Ipsum Lorem Ipsum Lorem Ipsum Lorem Ipsum Lorem Ipsum Lorem Ipsum Lorem Ipsum Lorem Ipsum Lorem Ipsum Lorem Ipsum Lorem Ipsum Lorem Ipsum Lorem Ipsum Lorem Ipsum Lorem Ipsum Lorem Ipsum Lorem Ipsum Lorem Ipsum Lorem Ipsum Lorem Ipsum Lorem Ipsum Lorem Ipsum Lorem Ipsum Lorem Ipsum ', 'Pada tahun 2013, Pemerintah melalui Kementerian Perindustrian memberlakukan secara wajib Standar Nasional Indonesia (SNI) Mainan Anak dengan Peraturan Menteri Perindustrian Republik Indonesia Nomor 24/M-IND/PER/4/2013 yang kemudian dirubah dengan Peraturan Nomor 55/M-IND/PER/11/2013. SNI yang diberlakukan secara wajib dalam peraturan tersebut terdiri dari 5 SNI beberapa parameter dalam standar EN dan SNI. Didalam peraturan tersebut pula, mainan dikelompokkan dalam 12 jenis yang mangacu pada Kode Harmonized System (HS Code), setiap jenis mainan dapat terdiri dari beberapa variasi, dan tidak tertutup kemungkinan terdapat mainan yang tidak terkena peraturan tersebut. Kondisi seperti ini menyulitkan untuk mengetahui persyaratan apa saja bagi produk mainan sehingga perlu dibuat sebuah panduan informasi tentang kategori mainan anak dengan SNI-nya yang terkait, agar menghindari kebingungan, membuat keseragaman pemahaman antara penerap dan pengawas pasar, yang akhirnya akan memudahkan penerapan SNI bagi semua pihak. \nTerkait pemberlakuan Standar Nasional Indonesia (SNI) secara wajib, BSN menerbitkan Pedoman Standardisasi Nasional (PSN) Nomor 301 Tahun 2011. Di dalam PSN tersebut disebutkan bahwa ketentuan dalam regulasi teknis merupakan intervensi pasar yang berdampak pada kegiatan usaha seperti menghambat persaingan sehat, menghambat inovasi, menghambat perkembangan UKM (Usaha Kecil dan Menengah), sehingga analisis kesiapan harus dilakukan, antara lain terkait kesiapan pelaku usaha dan kesiapan lembaga penilaian kesesuaian. Analisis  kesiapan tentang hal ini telah ada seperti yang dilakukan oleh Eddy dan Dwinna (2010).\nDengan adanya PSN 301 dan kajian tentang kesiapan yang sudah dilakukan tentu diharapkan pemberlakuan secara wajib SNI Mainan Anak memberikan dampak yang positif pada pasar. Sebuah penelitian diperlukan untuk menganalisis kesiapan yang telah diprediksikan sebelumnya pada pelaku usaha dan LPK, dengan studi kasus yang intensif dan mendalam pada satu pemberlakuan wajib SNI (SNI Mainan Anak). Kajian tentang dampak penerapan SNI wajib pada produk mainan anak sedang dilakukan oleh BSN pada tahun fiskal 2014 untuk SNI yang telah diberlakukan wajib minimal 2 tahun. Dengan penelitian ini diharapkan dapat sinergis memberikan dasar ilmiah, faktual, dapat dipertanggungjawabkan, yang bermanfaat digunakan untuk memperbaiki dan mengembangkan sistem standardisasi khususnya penerapan SNI.\n Lorem Ipsum Lorem Ipsum Lorem Ipsum Lorem Ipsum Lorem Ipsum Lorem Ipsum Lorem Ipsum Lorem Ipsum Lorem Ipsum Lorem Ipsum Lorem Ipsum Lorem Ipsum Lorem Ipsum Lorem Ipsum Lorem Ipsum Lorem Ipsum Lorem Ipsum Lorem Ipsum Lorem Ipsum Lorem Ipsum Lorem Ipsum Lorem Ipsum Lorem Ipsum Lorem Ipsum Lorem Ipsum Lorem Ipsum Lorem Ipsum Lorem Ipsum Lorem Ipsum Lorem Ipsum ', '1. Membuat panduan informasi mainan anak dengan SNI-nya\n2. Menganalisis dampak pemberlakuan wajib SNI (SNI Mainan Anak) pada industri dan LPK\n', '1. Regulasi (Peraturan Menteri dan Petunjuk Teknis) dan SNI telah mempunyai kejelasan dalam pengaturan pemberlakuan SNI mainan anak secara wajib, namun masih ditemukan ketentuan yang mengandung multitafsir, sehingga terjadi pemahaman dan implementasi yang berbeda-beda di lapangan, antara lain tentang a) batasan umur pada definisi mainan anak; b) jenis mainan yang tidak termasuk kelompok Harmonize System (HS) mainan yaitu produk baby walker; c) kelompok HS produk yang masuk kategori mainan tetapi belum masuk pada regulasi yaitu konsol dan mesin video game (HS 9504), barang dan perlengkapan latihan fisik (HS 9506) dan kelompok komedi putar, ayunan, galeri tembak (HS 9508); d) aspek standar yang harus dikenakan pada suatu produk mainan anak; e) jumlah sampel yang diambil sebagai bahan pengujian; f) ketentuan pelabelan (terkait 11 elemen yang wajib dicantumkan, pengelompokan usia, pelabelan khusus pada beberapa mainan). \n2. Salah satu output  dari hasil penelitian ini adalah “Panduan Identifikasi Mainan Anak terhadap SNI dan Standar Terkait”, yang berisi informasi tentang a) batasan produk mainan anak yang masuk dalam regulasi teknis mainan anak; b) produk mainan anak yang tidak masuk dalam regulasi teknis; c) jawaban atas permasalahan yang muncul di lapangan.\n3. Bagi Industri, importir dan distributor pemberlakuan SNI mainan anak secara wajib berdampak pada peningkatan harga jual produk yang disebabkan oleh adanya biaya sertifikasi mainan anak. Selain itu juga berdampak pada penurunan volume penjualan yang mungkin disebabkan oleh peningkatan harga jual yang berakibat pada penurunan daya beli masyarakat yang akhirnya berimbas pada penurunan volume penjualan. Di sisi lain pemberlakuan SNI mainan anak secara wajib berdampak pada kecenderungan peningkatan jumlah modal yang disebabkan oleh adanya penambahan biaya untuk sertifikasi dan perubahan bahan baku. Juga kecenderungan pada stagnasi ekspansi pasar produk mainan anak artinya industri merasakan tidak adanya perubahan pangsa pasar yang dimilikinya. Selain itu juga, kebijakan ini tidak memberikan dampak yang signifikan terhadap jumlah pemasok, harga bahan baku, volume ekspor, dan jumlah pengaduan. Dari sudut pandang lain dapat disimpulkan bahwa pemberlakuan SNI mainan anak secara wajib menimbulkan sejumlah masalah terkait industri di lapangan yang harus dibenahi yaitu: metode pengambilan contoh, ketersediaan cat mainan anak sesuai SNI, masa sertifikasi yang membebani industri, biaya sertifikasi yang membebani UKM, adaptasi regulasi dengan UKM, inkonsistensi pelaporan hasil produksi, perubahan bahan baku yang menaikkan harga jual.\n4. Bagi LSPro dan laboratorium uji pemberlakuan SNI mainan anak secara wajib berdampak yang paling dominan adalah pada peningkatan perbedaaan hasil uji antar laboratorium yang diantaranya disebabkan belum adanya hasil uji profisiensi mainan anak. Secara umum kebijakan ini berdampak pada peningkatan permintaan sertifikasi/pengujian, peningkatan waktu sertifiaksi, peningkatan biaya sertifikasi, peningkatan ketidakjelasan kategori mainan anak, peningkatan parameter tidak memenuhi hasil uji dan peningkatan jumlah pengaduan. Dari sudut pandang lain dapat disimpulkan bahwa pemberlakuan SNI mainan anak secara wajib menimbulkan sejumlah masalah terkait laboratorium uji yang belum ditunjuk atau diakreditasi KAN, pelabelan SNI yang beragam di lapangan, perbedaan hasil uji menimbulkan kerancuan hasil SHU, tanggung jawab LSPro terkait sertifikasi produk terurai, tanggung jawab BSN terhadap logo SNI dan belum adanya parameter pengujian LED. Peningkatan perbedaan hasil uji justru semakin tinggi dialami oleh LSPro dan laboratorium uji yang disebabkan oleh perbedaan SDM, metode uji, alat kalibrasi, dan belum adanya uji profisiensi.\n Lorem Ipsum Lorem Ipsum Lorem Ipsum Lorem Ipsum Lorem Ipsum Lorem Ipsum Lorem Ipsum Lorem Ipsum Lorem Ipsum Lorem Ipsum Lorem Ipsum Lorem Ipsum Lorem Ipsum Lorem Ipsum Lorem Ipsum Lorem Ipsum Lorem Ipsum Lorem Ipsum Lorem Ipsum Lorem Ipsum Lorem Ipsum Lorem Ipsum Lorem Ipsum Lorem Ipsum Lorem Ipsum Lorem Ipsum Lorem Ipsum Lorem Ipsum Lorem Ipsum Lorem Ipsum ', '1. Kementerian teknis bekerja sama dengan Badan Standardisasi Nasional (BSN) perlu memberikan penjelasan kepada stake holder terkait pemahaman yang berbeda-beda di masyarakat tentang: definisi mainan anak, batasan umur mainan anak, produk mirip atau menyerupai mainan seperti: pajangan, suvenir, gantungan kunci, permen mainan, tas boneka, bantal tulang, play dough dan sebagainya menggunakan suatu panduan. “Panduan Identifikasi Mainan Anak terhadap SNI dan Standar Terkait” diusulkan dapat digunakan sebagai panduan oleh Kementerian teknis maupun BSN dalam melakukan pemahaman terhadap peraturan pemberlakuan SNI wajib mainan anak.\n2. Akar masalah dari peningkatan harga jual dan  penurunan volume penjualan produk mainan anak adalah faktor biaya sertifikasi mainan anak yang dirasakan bersama-sama membebani industri, importir dan distributor; maka dalam hal ini pemerintah hendaknya konsisten mengalokasikan  insentif  biaya sertifikasi mainan anak khusus bagi produsen UKM.\n3. Pemerintah perlu mengembangkan infrastruktur industri atau insentif, yang difokuskan pada rantai pendukung industri mainan anak sektor hulu seperti: bahan baku dan standardisasi bahan baku serta penguatan infrastruktur hulu industri mainan anak.\n4. Untuk mengatasi masalah perbedaan hasil antar laboratorium, KAN perlu menyelenggarakan uji profisiensi untuk lingkup mainan anak, penguatan kapasitas SDM LPK, penyeragaman metode uji, dan konsistensi kalibrasi alat pada laboratorium uji terkhusus untuk mainan anak.\n5. Instansi pembina LPK perlu meningkatkan kapasitas laboratorium uji mainan anak di Indonesia untuk mengantisipasi peningkatan jumlah permintaan sertifikasi dan peningkatan lama waktu sertifikasi. \n6. Instansi yang terkait pembinaan LPK perlu memberikan insentif untuk ketersediaan material referensi pengujian atau memberikan kebijakan penurunan pajak impor bahan material referensi uji sehingga biaya pengujian dapat ditekan. \n7. KAN perlu lebih komprehensif dalam melakukan pemahaman kepada LSPro dan laboratorium uji mengenai ketidakjelasan kategori mainan anak di lapangan, pelabelan SNI.\n8. Pemerintah (BSN) perlu lebih banyak melakukan sosialisasi pemahaman logo SNI dan tanggungjawabnya terhadap produk yang bertanda SNI.\n9. BSN perlu merumuskan standar LED untuk mainan anak.\n1. Kementerian teknis bekerja sama dengan Badan Standardisasi Nasional (BSN) perlu memberikan penjelasan kepada stake holder terkait pemahaman yang berbeda-beda di masyarakat tentang: definisi mainan anak, batasan umur mainan anak, produk mirip atau menyerupai mainan seperti: pajangan, suvenir, gantungan kunci, permen mainan, tas boneka, bantal tulang, play dough dan sebagainya menggunakan suatu panduan. “Panduan Identifikasi Mainan Anak terhadap SNI dan Standar Terkait” diusulkan dapat digunakan sebagai panduan oleh Kementerian teknis maupun BSN dalam melakukan pemahaman terhadap peraturan pemberlakuan SNI wajib mainan anak.\n2. Akar masalah dari peningkatan harga jual dan  penurunan volume penjualan produk mainan anak adalah faktor biaya sertifikasi mainan anak yang dirasakan bersama-sama membebani industri, importir dan distributor; maka dalam hal ini pemerintah hendaknya konsisten mengalokasikan  insentif  biaya sertifikasi mainan anak khusus bagi produsen UKM.\n3. Pemerintah perlu mengembangkan infrastruktur industri atau insentif, yang difokuskan pada rantai pendukung industri mainan anak sektor hulu seperti: bahan baku dan standardisasi bahan baku serta penguatan infrastruktur hulu industri mainan anak.\n4. Untuk mengatasi masalah perbedaan hasil antar laboratorium, KAN perlu menyelenggarakan uji profisiensi untuk lingkup mainan anak, penguatan kapasitas SDM LPK, penyeragaman metode uji, dan konsistensi kalibrasi alat pada laboratorium uji terkhusus untuk mainan anak.\n5. Instansi pembina LPK perlu meningkatkan kapasitas laboratorium uji mainan anak di Indonesia untuk mengantisipasi peningkatan jumlah permintaan sertifikasi dan peningkatan lama waktu sertifikasi. \n6. Instansi yang terkait pembinaan LPK perlu memberikan insentif untuk ketersediaan material referensi pengujian atau memberikan kebijakan penurunan pajak impor bahan material referensi uji sehingga biaya pengujian dapat ditekan. \n7. KAN perlu lebih komprehensif dalam melakukan pemahaman kepada LSPro dan laboratorium uji mengenai ketidakjelasan kategori mainan anak di lapangan, pelabelan SNI.\n8. Pemerintah (BSN) perlu lebih banyak melakukan sosialisasi pemahaman logo SNI dan tanggungjawabnya terhadap produk yang bertanda SNI.\n9. BSN perlu merumuskan standar LED untuk mainan anak.\n', 'Pemerintah', '', 'LoremIpsum_LoremIpsum.xls', '2015', 0, 'unpublish', '2016-11-26 13:55:37', '2016-11-26 13:55:37', NULL);

-- --------------------------------------------------------

--
-- Table structure for table `research_datas`
--

CREATE TABLE IF NOT EXISTS `research_datas` (
  `id` int(10) unsigned NOT NULL AUTO_INCREMENT,
  `additional_data_id` int(10) unsigned NOT NULL,
  `other_id` int(11) NOT NULL DEFAULT '0',
  `created_at` timestamp NULL DEFAULT NULL,
  `updated_at` timestamp NULL DEFAULT NULL,
  PRIMARY KEY (`id`),
  KEY `research_datas_additional_data_id_foreign` (`additional_data_id`)
) ENGINE=InnoDB  DEFAULT CHARSET=utf8 COLLATE=utf8_unicode_ci AUTO_INCREMENT=2 ;

--
-- Dumping data for table `research_datas`
--

INSERT INTO `research_datas` (`id`, `additional_data_id`, `other_id`, `created_at`, `updated_at`) VALUES
(1, 120, 1, '2016-11-29 15:59:30', '2016-11-29 15:59:30');

-- --------------------------------------------------------

--
-- Table structure for table `research_groups`
--

CREATE TABLE IF NOT EXISTS `research_groups` (
  `id` int(10) unsigned NOT NULL AUTO_INCREMENT,
  `name` enum('kp','mek','ppk','ls') COLLATE utf8_unicode_ci NOT NULL,
  `type` enum('penelitian','publikasi') COLLATE utf8_unicode_ci NOT NULL,
  `other_id` int(11) NOT NULL DEFAULT '0',
  `created_at` timestamp NULL DEFAULT NULL,
  `updated_at` timestamp NULL DEFAULT NULL,
  PRIMARY KEY (`id`)
) ENGINE=InnoDB  DEFAULT CHARSET=utf8 COLLATE=utf8_unicode_ci AUTO_INCREMENT=179 ;

--
-- Dumping data for table `research_groups`
--

INSERT INTO `research_groups` (`id`, `name`, `type`, `other_id`, `created_at`, `updated_at`) VALUES
(168, 'ls', 'penelitian', 87, '2016-11-25 17:10:25', '2016-11-25 17:10:25'),
(169, 'ppk', 'penelitian', 88, '2016-11-25 17:10:26', '2016-11-25 17:10:26'),
(170, 'ls', 'penelitian', 89, '2016-11-25 17:10:27', '2016-11-25 17:10:27'),
(171, 'kp', 'penelitian', 90, '2016-11-25 17:10:27', '2016-11-25 17:10:27'),
(172, 'mek', 'penelitian', 90, '2016-11-25 17:10:27', '2016-11-25 17:10:27'),
(173, 'ppk', 'penelitian', 90, '2016-11-25 17:10:27', '2016-11-25 17:10:27'),
(174, 'ls', 'penelitian', 90, '2016-11-25 17:10:28', '2016-11-25 17:10:28'),
(175, 'mek', 'penelitian', 91, '2016-11-25 17:10:28', '2016-11-25 17:10:28'),
(176, 'ls', 'penelitian', 92, '2016-11-26 13:42:31', '2016-11-26 13:42:31'),
(177, 'ls', 'penelitian', 93, '2016-11-26 13:55:37', '2016-11-26 13:55:37'),
(178, 'kp', 'publikasi', 1, '2016-11-29 15:59:20', '2016-11-29 15:59:20');

-- --------------------------------------------------------

--
-- Table structure for table `research_locations`
--

CREATE TABLE IF NOT EXISTS `research_locations` (
  `id` int(10) unsigned NOT NULL AUTO_INCREMENT,
  `research_id` int(10) unsigned NOT NULL,
  `location` varchar(255) COLLATE utf8_unicode_ci NOT NULL,
  `created_at` timestamp NULL DEFAULT NULL,
  `updated_at` timestamp NULL DEFAULT NULL,
  PRIMARY KEY (`id`),
  KEY `research_locations_research_id_foreign` (`research_id`)
) ENGINE=InnoDB  DEFAULT CHARSET=utf8 COLLATE=utf8_unicode_ci AUTO_INCREMENT=255 ;

--
-- Dumping data for table `research_locations`
--

INSERT INTO `research_locations` (`id`, `research_id`, `location`, `created_at`, `updated_at`) VALUES
(199, 87, 'Jakarta', '2016-11-25 17:10:25', '2016-11-25 17:10:25'),
(200, 87, 'Bekasi', '2016-11-25 17:10:25', '2016-11-25 17:10:25'),
(201, 87, 'Tangerang', '2016-11-25 17:10:25', '2016-11-25 17:10:25'),
(202, 87, 'Semarang', '2016-11-25 17:10:25', '2016-11-25 17:10:25'),
(203, 87, 'Yogyakarta', '2016-11-25 17:10:25', '2016-11-25 17:10:25'),
(204, 87, 'Surabaya', '2016-11-25 17:10:25', '2016-11-25 17:10:25'),
(205, 87, 'Medan', '2016-11-25 17:10:25', '2016-11-25 17:10:25'),
(206, 87, 'Bandung', '2016-11-25 17:10:25', '2016-11-25 17:10:25'),
(207, 87, 'Bali', '2016-11-25 17:10:25', '2016-11-25 17:10:25'),
(208, 88, 'Jakarta', '2016-11-25 17:10:26', '2016-11-25 17:10:26'),
(209, 88, 'Bogor ', '2016-11-25 17:10:26', '2016-11-25 17:10:26'),
(210, 88, 'Depok', '2016-11-25 17:10:26', '2016-11-25 17:10:26'),
(211, 88, 'Tangerang', '2016-11-25 17:10:26', '2016-11-25 17:10:26'),
(212, 88, 'Bekasi', '2016-11-25 17:10:26', '2016-11-25 17:10:26'),
(213, 88, 'Semarang', '2016-11-25 17:10:26', '2016-11-25 17:10:26'),
(214, 88, 'Bali', '2016-11-25 17:10:26', '2016-11-25 17:10:26'),
(215, 88, 'Kudus', '2016-11-25 17:10:26', '2016-11-25 17:10:26'),
(216, 88, 'Denpasar', '2016-11-25 17:10:26', '2016-11-25 17:10:26'),
(217, 88, 'Padang', '2016-11-25 17:10:26', '2016-11-25 17:10:26'),
(218, 89, 'Yogyakarta', '2016-11-25 17:10:27', '2016-11-25 17:10:27'),
(219, 89, 'Mataram', '2016-11-25 17:10:27', '2016-11-25 17:10:27'),
(220, 89, 'Belitung', '2016-11-25 17:10:27', '2016-11-25 17:10:27'),
(221, 89, 'Denpasar', '2016-11-25 17:10:27', '2016-11-25 17:10:27'),
(222, 90, 'Denpasar', '2016-11-25 17:10:27', '2016-11-25 17:10:27'),
(223, 90, 'Mataram', '2016-11-25 17:10:27', '2016-11-25 17:10:27'),
(224, 90, 'Manado', '2016-11-25 17:10:27', '2016-11-25 17:10:27'),
(225, 90, 'Banjarmasin', '2016-11-25 17:10:27', '2016-11-25 17:10:27'),
(236, 91, 'Jakarta', '2016-11-26 13:08:07', '2016-11-26 13:08:07'),
(237, 92, 'Jakarta', '2016-11-26 13:42:30', '2016-11-26 13:42:30'),
(238, 92, 'Bekasi', '2016-11-26 13:42:30', '2016-11-26 13:42:30'),
(239, 92, 'Tangerang', '2016-11-26 13:42:31', '2016-11-26 13:42:31'),
(240, 92, 'Semarang', '2016-11-26 13:42:31', '2016-11-26 13:42:31'),
(241, 92, 'Yogyakarta', '2016-11-26 13:42:31', '2016-11-26 13:42:31'),
(242, 92, 'Surabaya', '2016-11-26 13:42:31', '2016-11-26 13:42:31'),
(243, 92, 'Medan', '2016-11-26 13:42:31', '2016-11-26 13:42:31'),
(244, 92, 'Bandung', '2016-11-26 13:42:31', '2016-11-26 13:42:31'),
(245, 92, 'Bali', '2016-11-26 13:42:31', '2016-11-26 13:42:31'),
(246, 93, 'Jakarta', '2016-11-26 13:55:37', '2016-11-26 13:55:37'),
(247, 93, 'Bekasi', '2016-11-26 13:55:37', '2016-11-26 13:55:37'),
(248, 93, 'Tangerang', '2016-11-26 13:55:37', '2016-11-26 13:55:37'),
(249, 93, 'Semarang', '2016-11-26 13:55:37', '2016-11-26 13:55:37'),
(250, 93, 'Yogyakarta', '2016-11-26 13:55:37', '2016-11-26 13:55:37'),
(251, 93, 'Surabaya', '2016-11-26 13:55:37', '2016-11-26 13:55:37'),
(252, 93, 'Medan', '2016-11-26 13:55:37', '2016-11-26 13:55:37'),
(253, 93, 'Bandung', '2016-11-26 13:55:37', '2016-11-26 13:55:37'),
(254, 93, 'Bali', '2016-11-26 13:55:37', '2016-11-26 13:55:37');

-- --------------------------------------------------------

--
-- Table structure for table `research_standards`
--

CREATE TABLE IF NOT EXISTS `research_standards` (
  `id` int(10) unsigned NOT NULL AUTO_INCREMENT,
  `name` enum('standardisasi','kesesuaian','snsu') COLLATE utf8_unicode_ci NOT NULL,
  `type` enum('penelitian','publikasi') COLLATE utf8_unicode_ci NOT NULL,
  `other_id` int(11) NOT NULL DEFAULT '0',
  `created_at` timestamp NULL DEFAULT NULL,
  `updated_at` timestamp NULL DEFAULT NULL,
  PRIMARY KEY (`id`)
) ENGINE=InnoDB  DEFAULT CHARSET=utf8 COLLATE=utf8_unicode_ci AUTO_INCREMENT=58 ;

--
-- Dumping data for table `research_standards`
--

INSERT INTO `research_standards` (`id`, `name`, `type`, `other_id`, `created_at`, `updated_at`) VALUES
(47, 'standardisasi', 'penelitian', 87, '2016-11-25 17:10:26', '2016-11-25 17:10:26'),
(48, 'kesesuaian', 'penelitian', 87, '2016-11-25 17:10:26', '2016-11-25 17:10:26'),
(49, 'kesesuaian', 'penelitian', 88, '2016-11-25 17:10:26', '2016-11-25 17:10:26'),
(50, 'snsu', 'penelitian', 88, '2016-11-25 17:10:26', '2016-11-25 17:10:26'),
(51, 'standardisasi', 'penelitian', 89, '2016-11-25 17:10:27', '2016-11-25 17:10:27'),
(52, 'kesesuaian', 'penelitian', 90, '2016-11-25 17:10:28', '2016-11-25 17:10:28'),
(53, 'snsu', 'penelitian', 91, '2016-11-25 17:10:28', '2016-11-25 17:10:28'),
(54, 'standardisasi', 'penelitian', 92, '2016-11-26 13:42:31', '2016-11-26 13:42:31'),
(55, 'kesesuaian', 'penelitian', 92, '2016-11-26 13:42:32', '2016-11-26 13:42:32'),
(56, 'standardisasi', 'penelitian', 93, '2016-11-26 13:55:38', '2016-11-26 13:55:38'),
(57, 'kesesuaian', 'penelitian', 93, '2016-11-26 13:55:38', '2016-11-26 13:55:38');

-- --------------------------------------------------------

--
-- Table structure for table `rights`
--

CREATE TABLE IF NOT EXISTS `rights` (
  `id` int(10) unsigned NOT NULL AUTO_INCREMENT,
  `role_id` int(10) unsigned NOT NULL,
  `menu_action_id` int(10) unsigned NOT NULL,
  `created_at` timestamp NULL DEFAULT NULL,
  `updated_at` timestamp NULL DEFAULT NULL,
  PRIMARY KEY (`id`),
  KEY `rights_menu_action_id_foreign` (`menu_action_id`),
  KEY `rights_role_id_foreign` (`role_id`)
) ENGINE=InnoDB  DEFAULT CHARSET=utf8 COLLATE=utf8_unicode_ci AUTO_INCREMENT=319 ;

--
-- Dumping data for table `rights`
--

INSERT INTO `rights` (`id`, `role_id`, `menu_action_id`, `created_at`, `updated_at`) VALUES
(225, 4, 12, '2016-03-23 02:29:40', '2016-03-23 02:29:40'),
(270, 1, 27, '2016-03-23 05:46:53', '2016-03-23 05:46:53'),
(271, 1, 28, '2016-03-23 05:46:53', '2016-03-23 05:46:53'),
(272, 1, 29, '2016-03-23 05:46:53', '2016-03-23 05:46:53'),
(273, 1, 30, '2016-03-23 05:46:53', '2016-03-23 05:46:53'),
(274, 1, 31, '2016-03-23 05:46:53', '2016-03-23 05:46:53'),
(275, 1, 32, '2016-03-23 05:46:53', '2016-03-23 05:46:53'),
(276, 1, 33, '2016-03-23 05:46:53', '2016-03-23 05:46:53'),
(277, 1, 34, '2016-03-23 05:46:53', '2016-03-23 05:46:53'),
(278, 1, 35, '2016-03-23 05:46:53', '2016-03-23 05:46:53'),
(279, 1, 36, '2016-03-23 05:46:53', '2016-03-23 05:46:53'),
(280, 1, 37, '2016-03-23 05:46:53', '2016-03-23 05:46:53'),
(281, 1, 16, '2016-03-23 05:46:53', '2016-03-23 05:46:53'),
(282, 1, 17, '2016-03-23 05:46:53', '2016-03-23 05:46:53'),
(283, 1, 18, '2016-03-23 05:46:53', '2016-03-23 05:46:53'),
(284, 1, 19, '2016-03-23 05:46:53', '2016-03-23 05:46:53'),
(285, 1, 20, '2016-03-23 05:46:53', '2016-03-23 05:46:53'),
(286, 1, 12, '2016-03-23 05:46:53', '2016-03-23 05:46:53'),
(287, 1, 13, '2016-03-23 05:46:53', '2016-03-23 05:46:53'),
(288, 1, 14, '2016-03-23 05:46:53', '2016-03-23 05:46:53'),
(289, 1, 15, '2016-03-23 05:46:53', '2016-03-23 05:46:53'),
(290, 1, 42, '2016-03-23 05:46:53', '2016-03-23 05:46:53'),
(291, 1, 43, '2016-03-23 05:46:53', '2016-03-23 05:46:53'),
(292, 1, 44, '2016-03-23 05:46:53', '2016-03-23 05:46:53'),
(293, 1, 45, '2016-03-23 05:46:53', '2016-03-23 05:46:53'),
(294, 1, 46, '2016-03-23 05:46:53', '2016-03-23 05:46:53'),
(299, 1, 51, '2016-10-02 14:49:08', '2016-10-02 14:49:08'),
(300, 1, 52, '2016-10-02 14:49:08', '2016-10-02 14:49:08'),
(301, 1, 53, '2016-10-02 14:49:08', '2016-10-02 14:49:08'),
(302, 1, 54, '2016-10-02 14:49:08', '2016-10-02 14:49:08'),
(303, 1, 55, '2016-10-02 14:49:08', '2016-10-02 14:49:08'),
(304, 1, 56, '2016-10-02 14:49:08', '2016-10-02 14:49:08'),
(305, 1, 57, '2016-10-02 14:49:08', '2016-10-02 14:49:08'),
(306, 1, 58, '2016-10-02 14:49:08', '2016-10-02 14:49:08'),
(307, 1, 59, '2016-10-02 14:49:08', '2016-10-02 14:49:08'),
(308, 1, 60, '2016-10-02 14:49:08', '2016-10-02 14:49:08'),
(309, 1, 61, '2016-10-02 14:49:08', '2016-10-02 14:49:08'),
(310, 1, 62, '2016-10-02 14:49:08', '2016-10-02 14:49:08'),
(311, 1, 63, '2016-10-02 14:49:08', '2016-10-02 14:49:08'),
(312, 1, 64, '2016-10-02 14:49:08', '2016-10-02 14:49:08'),
(313, 1, 65, '2016-10-02 14:49:08', '2016-10-02 14:49:08'),
(314, 1, 66, '2016-10-02 14:49:08', '2016-10-02 14:49:08'),
(315, 1, 67, '2016-10-02 14:49:08', '2016-10-02 14:49:08'),
(316, 1, 68, '2016-10-02 14:49:08', '2016-10-02 14:49:08'),
(317, 1, 69, '2016-10-02 14:49:08', '2016-10-02 14:49:08'),
(318, 1, 70, '2016-10-02 14:49:08', '2016-10-02 14:49:08');

-- --------------------------------------------------------

--
-- Table structure for table `roles`
--

CREATE TABLE IF NOT EXISTS `roles` (
  `id` int(10) unsigned NOT NULL AUTO_INCREMENT,
  `role` varchar(255) COLLATE utf8_unicode_ci NOT NULL,
  `created_at` timestamp NULL DEFAULT NULL,
  `updated_at` timestamp NULL DEFAULT NULL,
  PRIMARY KEY (`id`)
) ENGINE=InnoDB  DEFAULT CHARSET=utf8 COLLATE=utf8_unicode_ci AUTO_INCREMENT=6 ;

--
-- Dumping data for table `roles`
--

INSERT INTO `roles` (`id`, `role`, `created_at`, `updated_at`) VALUES
(1, 'Superadmin', NULL, NULL),
(4, 'admin', '2016-03-22 05:52:56', '2016-03-22 05:52:56'),
(5, 'Member', '2016-11-25 07:01:12', '2016-11-25 07:01:12');

-- --------------------------------------------------------

--
-- Table structure for table `softwares`
--

CREATE TABLE IF NOT EXISTS `softwares` (
  `id` int(10) unsigned NOT NULL AUTO_INCREMENT,
  `name` varchar(255) COLLATE utf8_unicode_ci NOT NULL,
  `file` varchar(255) COLLATE utf8_unicode_ci NOT NULL,
  `status` enum('publish','unpublish') COLLATE utf8_unicode_ci NOT NULL DEFAULT 'unpublish',
  `created_at` timestamp NULL DEFAULT NULL,
  `updated_at` timestamp NULL DEFAULT NULL,
  `deleted_at` timestamp NULL DEFAULT NULL,
  PRIMARY KEY (`id`)
) ENGINE=InnoDB  DEFAULT CHARSET=utf8 COLLATE=utf8_unicode_ci AUTO_INCREMENT=2 ;

--
-- Dumping data for table `softwares`
--

INSERT INTO `softwares` (`id`, `name`, `file`, `status`, `created_at`, `updated_at`, `deleted_at`) VALUES
(1, 'office 1', 'adsadsa', 'publish', '2016-11-25 09:46:45', '2016-11-25 09:47:35', NULL);

-- --------------------------------------------------------

--
-- Table structure for table `users`
--

CREATE TABLE IF NOT EXISTS `users` (
  `id` int(10) unsigned NOT NULL AUTO_INCREMENT,
  `name` varchar(255) COLLATE utf8_unicode_ci NOT NULL,
  `email` varchar(255) COLLATE utf8_unicode_ci NOT NULL,
  `password` varchar(255) COLLATE utf8_unicode_ci NOT NULL,
  `remember_token` varchar(100) COLLATE utf8_unicode_ci DEFAULT NULL,
  `type` enum('member','admin') COLLATE utf8_unicode_ci NOT NULL DEFAULT 'member',
  `created_at` timestamp NULL DEFAULT NULL,
  `updated_at` timestamp NULL DEFAULT NULL,
  `role_id` int(10) unsigned NOT NULL,
  `gender` enum('pria','wanita') COLLATE utf8_unicode_ci NOT NULL,
  `address` text COLLATE utf8_unicode_ci NOT NULL,
  `phone` int(11) NOT NULL,
  `username` varchar(255) COLLATE utf8_unicode_ci NOT NULL,
  PRIMARY KEY (`id`),
  UNIQUE KEY `users_email_unique` (`email`),
  KEY `users_username_index` (`username`),
  KEY `users_role_id_foreign` (`role_id`)
) ENGINE=InnoDB  DEFAULT CHARSET=utf8 COLLATE=utf8_unicode_ci AUTO_INCREMENT=9 ;

--
-- Dumping data for table `users`
--

INSERT INTO `users` (`id`, `name`, `email`, `password`, `remember_token`, `type`, `created_at`, `updated_at`, `role_id`, `gender`, `address`, `phone`, `username`) VALUES
(6, 'WEBARQ', 'reza.wikrama3@gmail.com', '$2y$10$dD6TjxbMYcfKIyBGXkvyV.jXZwtST0i5JcZAi0QEUu1mtfiUdbePG', 'ScjAo8ugQ15MCZwOKkzslTvqCefoWHBR6a1KgJt9USKWTANLZLyc7vbb7Clm', 'admin', '2016-03-22 06:07:29', '2016-11-25 09:47:49', 1, 'pria', '', 0, 'superadmin'),
(7, 'admin', 'ultramantigar@gmail.com', '$2y$10$gPafGNqLHVtVtPgO7/KqjeqGwLhBr/ZSe1G3YnZWp80Yo8GcpdYRG', 'AsrSmU1PESaINwJGI1pH1KQgrYetdGz0QyQO5y02Ix0rfOGVIIOvh1ugrwgD', 'member', '2016-03-22 06:08:00', '2016-03-23 02:51:11', 4, 'pria', '', 0, 'admin'),
(8, 'ovan', 'ovan@webarq.com', '$2y$10$Lvgxem7eYcMm3RPebydxmeJdbA.UTEHXMLR6u/ymjd8ONdYNYTBAu', 'XkT0a3gwmhgh8ZBb8mboie5D8cIV0tHIFkvnyNJzpoItbY3n9cM1EVLWI4iz', 'member', '2016-11-25 07:01:36', '2016-11-29 16:44:04', 5, 'pria', '', 0, 'ovan');

-- --------------------------------------------------------

--
-- Table structure for table `user_activities`
--

CREATE TABLE IF NOT EXISTS `user_activities` (
  `id` int(10) unsigned NOT NULL AUTO_INCREMENT,
  `user_id` int(10) unsigned NOT NULL,
  `action` text COLLATE utf8_unicode_ci NOT NULL,
  `created_at` timestamp NULL DEFAULT NULL,
  `updated_at` timestamp NULL DEFAULT NULL,
  PRIMARY KEY (`id`),
  KEY `user_activities_user_id_foreign` (`user_id`)
) ENGINE=InnoDB  DEFAULT CHARSET=utf8 COLLATE=utf8_unicode_ci AUTO_INCREMENT=440 ;

--
-- Dumping data for table `user_activities`
--

INSERT INTO `user_activities` (`id`, `user_id`, `action`, `created_at`, `updated_at`) VALUES
(1, 6, 'superadmin Login', '2016-10-02 14:49:45', '2016-10-02 14:49:45'),
(2, 6, 'superadmin Login', '2016-10-04 13:10:37', '2016-10-04 13:10:37'),
(3, 6, 'superadmin Login', '2016-10-04 15:46:39', '2016-10-04 15:46:39'),
(4, 6, 'superadmin Login', '2016-10-05 00:27:10', '2016-10-05 00:27:10'),
(5, 6, 'superadmin Login', '2016-10-06 01:02:32', '2016-10-06 01:02:32'),
(6, 6, 'superadmin  Data Penelitian', '2016-10-06 01:31:11', '2016-10-06 01:31:11'),
(7, 6, 'superadmin  Data Penelitian', '2016-10-06 01:36:39', '2016-10-06 01:36:39'),
(8, 6, 'superadmin  Data Penelitian', '2016-10-06 02:17:06', '2016-10-06 02:17:06'),
(9, 6, 'superadmin  Data Penelitian', '2016-10-06 02:23:26', '2016-10-06 02:23:26'),
(10, 6, 'superadmin  Data Penelitian', '2016-10-06 02:23:56', '2016-10-06 02:23:56'),
(11, 6, 'superadmin  Data Penelitian', '2016-10-06 02:24:28', '2016-10-06 02:24:28'),
(12, 6, 'superadmin  Data Penelitian', '2016-10-06 02:25:45', '2016-10-06 02:25:45'),
(13, 6, 'superadmin  Data Penelitian', '2016-10-06 02:26:24', '2016-10-06 02:26:24'),
(14, 6, 'superadmin  Data Penelitian', '2016-10-06 03:01:25', '2016-10-06 03:01:25'),
(15, 6, 'superadmin  Data Penelitian', '2016-10-06 03:02:26', '2016-10-06 03:02:26'),
(16, 6, 'superadmin  Data Penelitian', '2016-10-06 03:02:37', '2016-10-06 03:02:37'),
(17, 6, 'superadmin  Data Penelitian', '2016-10-06 03:02:54', '2016-10-06 03:02:54'),
(18, 6, 'superadmin  Data Penelitian', '2016-10-06 03:03:12', '2016-10-06 03:03:12'),
(19, 6, 'superadmin  Data Penelitian', '2016-10-06 03:04:46', '2016-10-06 03:04:46'),
(20, 6, 'superadmin  Data Penelitian', '2016-10-06 03:05:03', '2016-10-06 03:05:03'),
(21, 6, 'superadmin  Data Penelitian', '2016-10-06 03:05:38', '2016-10-06 03:05:38'),
(22, 6, 'superadmin  Data Penelitian', '2016-10-06 03:06:24', '2016-10-06 03:06:24'),
(23, 6, 'superadmin  Data Penelitian', '2016-10-06 03:10:21', '2016-10-06 03:10:21'),
(24, 6, 'superadmin  Data Penelitian', '2016-10-06 03:11:12', '2016-10-06 03:11:12'),
(25, 6, 'superadmin Login', '2016-10-06 15:19:25', '2016-10-06 15:19:25'),
(26, 6, 'superadmin  Data Penelitian', '2016-10-06 15:24:06', '2016-10-06 15:24:06'),
(27, 6, 'superadmin Login', '2016-10-08 03:10:58', '2016-10-08 03:10:58'),
(28, 6, 'superadmin  Data Penelitian', '2016-10-08 04:04:39', '2016-10-08 04:04:39'),
(29, 6, 'superadmin  Data Penelitian', '2016-10-08 04:05:02', '2016-10-08 04:05:02'),
(30, 6, 'superadmin  Data Penelitian', '2016-10-08 04:09:00', '2016-10-08 04:09:00'),
(31, 6, 'superadmin  Data Penelitian', '2016-10-08 04:09:35', '2016-10-08 04:09:35'),
(32, 6, 'superadmin  Data Penelitian', '2016-10-08 04:10:43', '2016-10-08 04:10:43'),
(33, 6, 'superadmin  Data Penelitian', '2016-10-08 04:11:54', '2016-10-08 04:11:54'),
(34, 6, 'superadmin  Data Penelitian', '2016-10-08 04:16:04', '2016-10-08 04:16:04'),
(35, 6, 'superadmin  Data Penelitian', '2016-10-08 04:18:33', '2016-10-08 04:18:33'),
(36, 6, 'superadmin  Data Penelitian', '2016-10-08 04:22:58', '2016-10-08 04:22:58'),
(37, 6, 'superadmin  Data Penelitian', '2016-10-08 04:24:10', '2016-10-08 04:24:10'),
(38, 6, 'superadmin  Data Penelitian', '2016-10-08 04:25:15', '2016-10-08 04:25:15'),
(39, 6, 'superadmin  Data Penelitian', '2016-10-08 04:27:47', '2016-10-08 04:27:47'),
(40, 6, 'superadmin  Data Penelitian', '2016-10-08 04:44:01', '2016-10-08 04:44:01'),
(41, 6, 'superadmin  Data Penelitian', '2016-10-08 04:44:46', '2016-10-08 04:44:46'),
(42, 6, 'superadmin  Data Penelitian', '2016-10-08 04:45:35', '2016-10-08 04:45:35'),
(43, 6, 'superadmin  Data Penelitian', '2016-10-08 04:46:56', '2016-10-08 04:46:56'),
(44, 6, 'superadmin  Data Penelitian', '2016-10-08 04:57:24', '2016-10-08 04:57:24'),
(45, 6, 'superadmin  Data Penelitian', '2016-10-08 04:57:35', '2016-10-08 04:57:35'),
(46, 6, 'superadmin  Data Penelitian', '2016-10-08 04:58:55', '2016-10-08 04:58:55'),
(47, 6, 'superadmin  Data Penelitian', '2016-10-08 04:59:36', '2016-10-08 04:59:36'),
(48, 6, 'superadmin  Data Penelitian', '2016-10-08 05:00:02', '2016-10-08 05:00:02'),
(49, 6, 'superadmin  Data Penelitian', '2016-10-08 05:01:47', '2016-10-08 05:01:47'),
(50, 6, 'superadmin  Data Penelitian', '2016-10-08 05:02:38', '2016-10-08 05:02:38'),
(51, 6, 'superadmin  Data Penelitian', '2016-10-08 05:05:36', '2016-10-08 05:05:36'),
(52, 6, 'superadmin  Data Penelitian', '2016-10-08 05:09:39', '2016-10-08 05:09:39'),
(53, 6, 'superadmin  Data Penelitian', '2016-10-08 05:10:31', '2016-10-08 05:10:31'),
(54, 6, 'superadmin  Data Penelitian', '2016-10-08 05:10:45', '2016-10-08 05:10:45'),
(55, 6, 'superadmin  Data Penelitian', '2016-10-08 05:18:07', '2016-10-08 05:18:07'),
(56, 6, 'superadmin  Data Penelitian', '2016-10-08 05:19:03', '2016-10-08 05:19:03'),
(57, 6, 'superadmin  Data Penelitian', '2016-10-08 05:19:53', '2016-10-08 05:19:53'),
(58, 6, 'superadmin Login', '2016-10-08 05:23:28', '2016-10-08 05:23:28'),
(59, 6, 'superadmin  Data Personel', '2016-10-08 05:34:56', '2016-10-08 05:34:56'),
(60, 6, 'superadmin  Data Personel', '2016-10-08 05:37:02', '2016-10-08 05:37:02'),
(61, 6, 'superadmin  Data Personel', '2016-10-08 05:37:40', '2016-10-08 05:37:40'),
(62, 6, 'superadmin  Data Personel', '2016-10-08 05:41:04', '2016-10-08 05:41:04'),
(63, 6, 'superadmin  Data Personel', '2016-10-08 05:42:58', '2016-10-08 05:42:58'),
(64, 6, 'superadmin  Data Personel', '2016-10-08 05:44:10', '2016-10-08 05:44:10'),
(65, 6, 'superadmin  Data Personel', '2016-10-08 05:44:26', '2016-10-08 05:44:26'),
(66, 6, 'superadmin  Data Personel', '2016-10-08 05:48:51', '2016-10-08 05:48:51'),
(67, 6, 'superadmin  Data Personel', '2016-10-08 05:59:03', '2016-10-08 05:59:03'),
(68, 6, 'superadmin  Data Personel', '2016-10-08 05:59:24', '2016-10-08 05:59:24'),
(69, 6, 'superadmin  Data Personel', '2016-10-08 06:00:27', '2016-10-08 06:00:27'),
(70, 6, 'superadmin  Data Personel', '2016-10-08 06:01:52', '2016-10-08 06:01:52'),
(71, 6, 'superadmin  Data Personel', '2016-10-08 06:02:07', '2016-10-08 06:02:07'),
(72, 6, 'superadmin  Data Personel', '2016-10-08 06:02:12', '2016-10-08 06:02:12'),
(73, 6, 'superadmin  Data Personel', '2016-10-08 06:18:07', '2016-10-08 06:18:07'),
(74, 6, 'superadmin  Data Personel', '2016-10-08 06:18:23', '2016-10-08 06:18:23'),
(75, 6, 'superadmin  Data Personel', '2016-10-08 06:36:00', '2016-10-08 06:36:00'),
(76, 6, 'superadmin  Data Personel', '2016-10-08 06:36:07', '2016-10-08 06:36:07'),
(77, 6, 'superadmin  Data Personel', '2016-10-08 06:36:27', '2016-10-08 06:36:27'),
(78, 6, 'superadmin  Data Personel', '2016-10-08 06:37:04', '2016-10-08 06:37:04'),
(79, 6, 'superadmin  Data Personel', '2016-10-08 06:41:43', '2016-10-08 06:41:43'),
(80, 6, 'superadmin  Data Personel', '2016-10-08 06:41:54', '2016-10-08 06:41:54'),
(81, 6, 'superadmin  Data Personel', '2016-10-08 06:42:30', '2016-10-08 06:42:30'),
(82, 6, 'superadmin  Data Personel', '2016-10-08 06:42:41', '2016-10-08 06:42:41'),
(83, 6, 'superadmin  Data Personel', '2016-10-08 06:45:16', '2016-10-08 06:45:16'),
(84, 6, 'superadmin  Data Personel', '2016-10-08 06:45:54', '2016-10-08 06:45:54'),
(85, 6, 'superadmin  Data Personel', '2016-10-08 06:46:09', '2016-10-08 06:46:09'),
(86, 6, 'superadmin  Data Personel', '2016-10-08 06:46:41', '2016-10-08 06:46:41'),
(87, 6, 'superadmin  Data Personel', '2016-10-08 06:49:13', '2016-10-08 06:49:13'),
(88, 6, 'superadmin  Data Personel', '2016-10-08 06:49:30', '2016-10-08 06:49:30'),
(89, 6, 'superadmin  Data Personel', '2016-10-08 06:52:06', '2016-10-08 06:52:06'),
(90, 6, 'superadmin  Data Personel', '2016-10-08 06:52:34', '2016-10-08 06:52:34'),
(91, 6, 'superadmin  Data Personel', '2016-10-08 06:55:17', '2016-10-08 06:55:17'),
(92, 6, 'superadmin  Data Personel', '2016-10-08 06:55:45', '2016-10-08 06:55:45'),
(93, 6, 'superadmin  Data Personel', '2016-10-08 06:56:09', '2016-10-08 06:56:09'),
(94, 6, 'superadmin  Data Personel', '2016-10-08 07:00:47', '2016-10-08 07:00:47'),
(95, 6, 'superadmin  Data Personel', '2016-10-08 07:01:13', '2016-10-08 07:01:13'),
(96, 6, 'superadmin  Data Penelitian', '2016-10-08 07:05:03', '2016-10-08 07:05:03'),
(97, 6, 'superadmin  Data Penelitian', '2016-10-08 07:24:17', '2016-10-08 07:24:17'),
(98, 6, 'superadmin  Data Penelitian', '2016-10-08 07:24:25', '2016-10-08 07:24:25'),
(99, 6, 'superadmin  Data Penelitian', '2016-10-08 07:24:43', '2016-10-08 07:24:43'),
(100, 6, 'superadmin Login', '2016-10-08 07:27:39', '2016-10-08 07:27:39'),
(101, 6, 'superadmin  Data Personel', '2016-10-08 07:27:49', '2016-10-08 07:27:49'),
(102, 6, 'superadmin  Data Penelitian', '2016-10-08 07:28:05', '2016-10-08 07:28:05'),
(103, 6, 'superadmin  Data Penelitian', '2016-10-08 07:30:29', '2016-10-08 07:30:29'),
(104, 6, 'superadmin  Data Penelitian', '2016-10-08 07:31:59', '2016-10-08 07:31:59'),
(105, 6, 'superadmin  Data Penelitian', '2016-10-08 07:32:37', '2016-10-08 07:32:37'),
(106, 6, 'superadmin  Data Penelitian', '2016-10-08 07:33:17', '2016-10-08 07:33:17'),
(107, 6, 'superadmin Login', '2016-10-08 07:34:52', '2016-10-08 07:34:52'),
(108, 6, 'superadmin  Data Personel', '2016-10-08 07:36:48', '2016-10-08 07:36:48'),
(109, 6, 'superadmin  Data Personel', '2016-10-08 07:47:28', '2016-10-08 07:47:28'),
(110, 6, 'superadmin  Data Personel', '2016-10-08 07:47:37', '2016-10-08 07:47:37'),
(111, 6, 'superadmin  Data Personel', '2016-10-08 07:48:04', '2016-10-08 07:48:04'),
(112, 6, 'superadmin  Data Personel', '2016-10-08 07:49:40', '2016-10-08 07:49:40'),
(113, 6, 'superadmin  Data Personel', '2016-10-08 07:50:20', '2016-10-08 07:50:20'),
(114, 6, 'superadmin  Data Personel', '2016-10-08 07:51:50', '2016-10-08 07:51:50'),
(115, 6, 'superadmin  Data Personel', '2016-10-08 07:53:03', '2016-10-08 07:53:03'),
(116, 6, 'superadmin  Data Personel', '2016-10-08 07:53:36', '2016-10-08 07:53:36'),
(117, 6, 'superadmin  Data Personel', '2016-10-08 07:54:45', '2016-10-08 07:54:45'),
(118, 6, 'superadmin  Data Personel', '2016-10-08 07:55:30', '2016-10-08 07:55:30'),
(119, 6, 'superadmin Login', '2016-10-08 16:15:06', '2016-10-08 16:15:06'),
(120, 6, 'superadmin  Data Publikasi', '2016-10-08 16:24:43', '2016-10-08 16:24:43'),
(121, 6, 'superadmin  Data Publikasi', '2016-10-08 16:25:42', '2016-10-08 16:25:42'),
(122, 6, 'superadmin  Data Publikasi', '2016-10-08 16:26:17', '2016-10-08 16:26:17'),
(123, 6, 'superadmin  Data Publikasi', '2016-10-08 16:31:39', '2016-10-08 16:31:39'),
(124, 6, 'superadmin  Data Publikasi', '2016-10-08 16:32:10', '2016-10-08 16:32:10'),
(125, 6, 'superadmin  Data Publikasi', '2016-10-08 16:32:29', '2016-10-08 16:32:29'),
(126, 6, 'superadmin  Data Publikasi', '2016-10-08 16:45:03', '2016-10-08 16:45:03'),
(127, 6, 'superadmin  Data Publikasi', '2016-10-08 16:45:37', '2016-10-08 16:45:37'),
(128, 6, 'superadmin  Data Publikasi', '2016-10-08 16:46:38', '2016-10-08 16:46:38'),
(129, 6, 'superadmin  Data Publikasi', '2016-10-08 16:47:56', '2016-10-08 16:47:56'),
(130, 6, 'superadmin  Data Publikasi', '2016-10-08 16:49:27', '2016-10-08 16:49:27'),
(131, 6, 'superadmin  Data Publikasi', '2016-10-08 16:49:40', '2016-10-08 16:49:40'),
(132, 6, 'superadmin  Data Publikasi', '2016-10-08 16:50:15', '2016-10-08 16:50:15'),
(133, 6, 'superadmin Login', '2016-10-08 16:50:26', '2016-10-08 16:50:26'),
(134, 6, 'superadmin  Data Publikasi', '2016-10-08 16:53:42', '2016-10-08 16:53:42'),
(135, 6, 'superadmin  Data Publikasi', '2016-10-08 16:54:23', '2016-10-08 16:54:23'),
(136, 6, 'superadmin  Data Publikasi', '2016-10-08 16:54:59', '2016-10-08 16:54:59'),
(137, 6, 'superadmin  Data Publikasi', '2016-10-08 16:55:14', '2016-10-08 16:55:14'),
(138, 6, 'superadmin  Data Publikasi', '2016-10-08 16:56:14', '2016-10-08 16:56:14'),
(139, 6, 'superadmin  Data Publikasi', '2016-10-08 16:56:29', '2016-10-08 16:56:29'),
(140, 6, 'superadmin  Data Publikasi', '2016-10-08 16:56:40', '2016-10-08 16:56:40'),
(141, 6, 'superadmin  Data Publikasi', '2016-10-08 16:56:51', '2016-10-08 16:56:51'),
(142, 6, 'superadmin  Data Publikasi', '2016-10-08 16:57:10', '2016-10-08 16:57:10'),
(143, 6, 'superadmin  Data Publikasi', '2016-10-08 16:57:43', '2016-10-08 16:57:43'),
(144, 6, 'superadmin  Data Publikasi', '2016-10-08 16:58:49', '2016-10-08 16:58:49'),
(145, 6, 'superadmin  Data Publikasi', '2016-10-08 17:00:48', '2016-10-08 17:00:48'),
(146, 6, 'superadmin  Data Publikasi', '2016-10-08 17:02:46', '2016-10-08 17:02:46'),
(147, 6, 'superadmin  Data Publikasi', '2016-10-08 17:04:52', '2016-10-08 17:04:52'),
(148, 6, 'superadmin  Data Publikasi', '2016-10-08 17:05:48', '2016-10-08 17:05:48'),
(149, 6, 'superadmin  Data Publikasi', '2016-10-08 17:16:39', '2016-10-08 17:16:39'),
(150, 6, 'superadmin  Data Publikasi', '2016-10-08 17:17:17', '2016-10-08 17:17:17'),
(151, 6, 'superadmin  Data Publikasi', '2016-10-08 17:18:40', '2016-10-08 17:18:40'),
(152, 6, 'superadmin  Data Publikasi', '2016-10-08 17:19:48', '2016-10-08 17:19:48'),
(153, 6, 'superadmin  Data Publikasi', '2016-10-08 17:21:52', '2016-10-08 17:21:52'),
(154, 6, 'superadmin Login', '2016-10-09 07:46:20', '2016-10-09 07:46:20'),
(155, 6, 'superadmin Login', '2016-10-14 13:02:43', '2016-10-14 13:02:43'),
(156, 6, 'superadmin  Data Penelitian', '2016-10-14 13:28:19', '2016-10-14 13:28:19'),
(157, 6, 'superadmin  Data Penelitian', '2016-10-14 13:41:11', '2016-10-14 13:41:11'),
(158, 6, 'superadmin  Data Penelitian', '2016-10-14 13:51:08', '2016-10-14 13:51:08'),
(159, 6, 'superadmin  Data Penelitian', '2016-10-14 14:07:48', '2016-10-14 14:07:48'),
(160, 6, 'superadmin  Data Penelitian', '2016-10-14 14:09:35', '2016-10-14 14:09:35'),
(161, 6, 'superadmin  Data Penelitian', '2016-10-14 14:10:31', '2016-10-14 14:10:31'),
(162, 6, 'superadmin  Data Penelitian', '2016-10-14 14:11:05', '2016-10-14 14:11:05'),
(163, 6, 'superadmin  Data Penelitian', '2016-10-14 14:11:16', '2016-10-14 14:11:16'),
(164, 6, 'superadmin  Data Penelitian', '2016-10-14 14:11:28', '2016-10-14 14:11:28'),
(165, 6, 'superadmin  Data Penelitian', '2016-10-14 14:14:28', '2016-10-14 14:14:28'),
(166, 6, 'superadmin  Data Personel', '2016-10-14 14:20:04', '2016-10-14 14:20:04'),
(167, 6, 'superadmin  Data Personel', '2016-10-14 14:20:22', '2016-10-14 14:20:22'),
(168, 6, 'superadmin  Data Personel', '2016-10-14 14:42:35', '2016-10-14 14:42:35'),
(169, 6, 'superadmin  Data Personel', '2016-10-14 14:56:02', '2016-10-14 14:56:02'),
(170, 6, 'superadmin  Data Personel', '2016-10-14 14:56:59', '2016-10-14 14:56:59'),
(171, 6, 'superadmin  Data Personel', '2016-10-14 14:57:14', '2016-10-14 14:57:14'),
(172, 6, 'superadmin  Data Personel', '2016-10-14 15:25:39', '2016-10-14 15:25:39'),
(173, 6, 'superadmin  Data Personel', '2016-10-14 15:26:44', '2016-10-14 15:26:44'),
(174, 6, 'superadmin  Data Personel', '2016-10-14 15:40:17', '2016-10-14 15:40:17'),
(175, 6, 'superadmin  Data Personel', '2016-10-14 15:40:39', '2016-10-14 15:40:39'),
(176, 6, 'superadmin  Data Personel', '2016-10-14 15:43:27', '2016-10-14 15:43:27'),
(177, 6, 'superadmin  Data Personel', '2016-10-14 15:44:00', '2016-10-14 15:44:00'),
(178, 6, 'superadmin  Data Personel', '2016-10-14 15:44:16', '2016-10-14 15:44:16'),
(179, 6, 'superadmin  Data Personel', '2016-10-14 15:45:32', '2016-10-14 15:45:32'),
(180, 6, 'superadmin  Data Penelitian', '2016-10-14 15:46:02', '2016-10-14 15:46:02'),
(181, 6, 'superadmin  Data Penelitian', '2016-10-14 15:47:53', '2016-10-14 15:47:53'),
(182, 6, 'superadmin  Data Penelitian', '2016-10-14 15:50:40', '2016-10-14 15:50:40'),
(183, 6, 'superadmin  Data Publikasi', '2016-10-14 16:03:23', '2016-10-14 16:03:23'),
(184, 6, 'superadmin  Data Pendukung', '2016-10-14 16:12:42', '2016-10-14 16:12:42'),
(185, 6, 'superadmin  Data Pendukung', '2016-10-14 16:14:36', '2016-10-14 16:14:36'),
(186, 6, 'superadmin  Data Pendukung', '2016-10-14 16:14:58', '2016-10-14 16:14:58'),
(187, 6, 'superadmin  Data Pendukung', '2016-10-14 16:17:21', '2016-10-14 16:17:21'),
(188, 6, 'superadmin  Data Pendukung', '2016-10-14 17:20:09', '2016-10-14 17:20:09'),
(189, 6, 'superadmin  Data Pendukung', '2016-10-14 17:22:22', '2016-10-14 17:22:22'),
(190, 6, 'superadmin  Data Pendukung', '2016-10-14 17:24:22', '2016-10-14 17:24:22'),
(191, 6, 'superadmin  Data Penelitian', '2016-10-14 17:26:20', '2016-10-14 17:26:20'),
(192, 6, 'superadmin Login', '2016-10-15 02:53:16', '2016-10-15 02:53:16'),
(193, 6, 'superadmin  Data Pendukung', '2016-10-15 02:53:50', '2016-10-15 02:53:50'),
(194, 6, 'superadmin  Data Pendukung', '2016-10-15 02:55:25', '2016-10-15 02:55:25'),
(195, 6, 'superadmin  Data Pendukung', '2016-10-15 02:55:50', '2016-10-15 02:55:50'),
(196, 6, 'superadmin  Data Pendukung', '2016-10-15 02:56:03', '2016-10-15 02:56:03'),
(197, 6, 'superadmin  Data Pendukung', '2016-10-15 02:57:24', '2016-10-15 02:57:24'),
(198, 6, 'superadmin  Data Pendukung', '2016-10-15 02:58:16', '2016-10-15 02:58:16'),
(199, 6, 'superadmin  Data Pendukung', '2016-10-15 02:58:36', '2016-10-15 02:58:36'),
(200, 6, 'superadmin  Data Pendukung', '2016-10-15 02:59:15', '2016-10-15 02:59:15'),
(201, 6, 'superadmin  Data Pendukung', '2016-10-15 02:59:33', '2016-10-15 02:59:33'),
(202, 6, 'superadmin  Data Pendukung', '2016-10-15 03:02:57', '2016-10-15 03:02:57'),
(203, 6, 'superadmin  Data Pendukung', '2016-10-15 03:03:23', '2016-10-15 03:03:23'),
(204, 6, 'superadmin  Data Pendukung', '2016-10-15 03:03:56', '2016-10-15 03:03:56'),
(205, 6, 'superadmin  Data Pendukung', '2016-10-15 03:04:30', '2016-10-15 03:04:30'),
(206, 6, 'superadmin  Data Pendukung', '2016-10-15 03:07:14', '2016-10-15 03:07:14'),
(207, 6, 'superadmin  Data Pendukung', '2016-10-15 03:07:32', '2016-10-15 03:07:32'),
(208, 6, 'superadmin  Data Pendukung', '2016-10-15 03:08:08', '2016-10-15 03:08:08'),
(209, 6, 'superadmin  Data Pendukung', '2016-10-15 03:08:25', '2016-10-15 03:08:25'),
(210, 6, 'superadmin  Data Pendukung', '2016-10-15 03:13:32', '2016-10-15 03:13:32'),
(211, 6, 'superadmin  Data Pendukung', '2016-10-15 03:14:17', '2016-10-15 03:14:17'),
(212, 6, 'superadmin  Data Pendukung', '2016-10-15 03:15:51', '2016-10-15 03:15:51'),
(213, 6, 'superadmin  Data Pendukung', '2016-10-15 03:16:22', '2016-10-15 03:16:22'),
(214, 6, 'superadmin  Data Pendukung', '2016-10-15 03:19:13', '2016-10-15 03:19:13'),
(215, 6, 'superadmin  Data Pendukung', '2016-10-15 03:19:25', '2016-10-15 03:19:25'),
(216, 6, 'superadmin  Data Pendukung', '2016-10-15 03:19:46', '2016-10-15 03:19:46'),
(217, 6, 'superadmin  Data Pendukung', '2016-10-15 03:20:01', '2016-10-15 03:20:01'),
(218, 6, 'superadmin  Data Pendukung', '2016-10-15 03:20:59', '2016-10-15 03:20:59'),
(219, 6, 'superadmin  Data Pendukung', '2016-10-15 03:22:14', '2016-10-15 03:22:14'),
(220, 6, 'superadmin  Data Pendukung', '2016-10-15 03:22:44', '2016-10-15 03:22:44'),
(221, 6, 'superadmin  Data Pendukung', '2016-10-15 03:22:59', '2016-10-15 03:22:59'),
(222, 6, 'superadmin  Data Pendukung', '2016-10-15 03:23:56', '2016-10-15 03:23:56'),
(223, 6, 'superadmin  Data Pendukung', '2016-10-15 03:24:45', '2016-10-15 03:24:45'),
(224, 6, 'superadmin  Data Pendukung', '2016-10-15 03:25:11', '2016-10-15 03:25:11'),
(225, 6, 'superadmin  Data Pendukung', '2016-10-15 03:25:14', '2016-10-15 03:25:14'),
(226, 6, 'superadmin  Data Pendukung', '2016-10-15 03:27:12', '2016-10-15 03:27:12'),
(227, 6, 'superadmin  Data Pendukung', '2016-10-15 03:27:36', '2016-10-15 03:27:36'),
(228, 6, 'superadmin  Data Pendukung', '2016-10-15 03:27:52', '2016-10-15 03:27:52'),
(229, 6, 'superadmin  Data Pendukung', '2016-10-15 03:30:37', '2016-10-15 03:30:37'),
(230, 6, 'superadmin  Data Pendukung', '2016-10-15 03:31:21', '2016-10-15 03:31:21'),
(231, 6, 'superadmin  Data Pendukung', '2016-10-15 03:31:29', '2016-10-15 03:31:29'),
(232, 6, 'superadmin  Data Pendukung', '2016-10-15 03:31:40', '2016-10-15 03:31:40'),
(233, 6, 'superadmin  Data Pendukung', '2016-10-15 03:35:10', '2016-10-15 03:35:10'),
(234, 6, 'superadmin  Data Pendukung', '2016-10-15 03:37:14', '2016-10-15 03:37:14'),
(235, 6, 'superadmin  Data Pendukung', '2016-10-15 03:37:31', '2016-10-15 03:37:31'),
(236, 6, 'superadmin  Data Pendukung', '2016-10-15 03:37:41', '2016-10-15 03:37:41'),
(237, 6, 'superadmin  Data Pendukung', '2016-10-15 03:39:06', '2016-10-15 03:39:06'),
(238, 6, 'superadmin  Data Publikasi', '2016-10-15 03:43:07', '2016-10-15 03:43:07'),
(239, 6, 'superadmin  Data Publikasi', '2016-10-15 03:43:27', '2016-10-15 03:43:27'),
(240, 6, 'superadmin  Data Personel', '2016-10-15 03:43:40', '2016-10-15 03:43:40'),
(241, 6, 'superadmin  Data Penelitian', '2016-10-15 03:43:50', '2016-10-15 03:43:50'),
(242, 6, 'superadmin Logout', '2016-10-15 04:01:53', '2016-10-15 04:01:53'),
(243, 6, 'superadmin Login', '2016-10-22 11:51:29', '2016-10-22 11:51:29'),
(244, 6, 'superadmin  Data Personel', '2016-10-22 11:52:15', '2016-10-22 11:52:15'),
(245, 6, 'superadmin  Data Penelitian', '2016-10-22 12:05:53', '2016-10-22 12:05:53'),
(246, 6, 'superadmin Login', '2016-10-26 07:25:49', '2016-10-26 07:25:49'),
(247, 6, 'superadmin Login', '2016-10-27 15:23:16', '2016-10-27 15:23:16'),
(248, 6, 'superadmin Create Data Penelitian', '2016-10-27 15:26:00', '2016-10-27 15:26:00'),
(249, 6, 'superadmin Create Data Penelitian', '2016-10-27 15:27:53', '2016-10-27 15:27:53'),
(250, 6, 'superadmin Create Data Penelitian', '2016-10-27 15:31:56', '2016-10-27 15:31:56'),
(251, 6, 'superadmin Login', '2016-11-04 02:01:09', '2016-11-04 02:01:09'),
(252, 6, 'superadmin Login', '2016-11-04 08:57:43', '2016-11-04 08:57:43'),
(253, 6, 'superadmin Login', '2016-11-04 11:29:32', '2016-11-04 11:29:32'),
(254, 6, 'superadmin Create Data Personel', '2016-11-04 13:24:08', '2016-11-04 13:24:08'),
(255, 6, 'superadmin Create Data Personel', '2016-11-04 13:29:04', '2016-11-04 13:29:04'),
(256, 6, 'superadmin Create Data Personel', '2016-11-04 13:35:28', '2016-11-04 13:35:28'),
(257, 6, 'superadmin Update Data Personel', '2016-11-04 13:40:26', '2016-11-04 13:40:26'),
(258, 6, 'superadmin Delete Data Personel', '2016-11-04 13:40:51', '2016-11-04 13:40:51'),
(259, 6, 'superadmin Create Data Personel', '2016-11-04 13:41:54', '2016-11-04 13:41:54'),
(260, 6, 'superadmin Login', '2016-11-06 07:03:41', '2016-11-06 07:03:41'),
(261, 6, 'superadmin Create Data Personel', '2016-11-06 08:42:45', '2016-11-06 08:42:45'),
(262, 6, 'superadmin Create Data Personel', '2016-11-06 08:53:27', '2016-11-06 08:53:27'),
(263, 6, 'superadmin Create Data Personel', '2016-11-06 08:53:42', '2016-11-06 08:53:42'),
(264, 6, 'superadmin Update Data Personel', '2016-11-06 09:00:45', '2016-11-06 09:00:45'),
(265, 6, 'superadmin Update Data Personel', '2016-11-06 09:01:04', '2016-11-06 09:01:04'),
(266, 6, 'superadmin Update Data Personel', '2016-11-06 09:01:12', '2016-11-06 09:01:12'),
(267, 6, 'superadmin Update Data Personel', '2016-11-06 09:01:43', '2016-11-06 09:01:43'),
(268, 6, 'superadmin Delete Data Personel', '2016-11-06 09:03:01', '2016-11-06 09:03:01'),
(269, 6, 'superadmin Create Data Personel', '2016-11-06 09:03:34', '2016-11-06 09:03:34'),
(270, 6, 'superadmin Update Data Personel', '2016-11-06 09:03:57', '2016-11-06 09:03:57'),
(271, 6, 'superadmin Update Data Personel', '2016-11-06 09:04:07', '2016-11-06 09:04:07'),
(272, 6, 'superadmin Create Data Penelitian', '2016-11-06 13:17:33', '2016-11-06 13:17:33'),
(273, 6, 'superadmin Update Data Penelitian', '2016-11-06 13:20:28', '2016-11-06 13:20:28'),
(274, 6, 'superadmin Update Data Penelitian', '2016-11-06 14:06:20', '2016-11-06 14:06:20'),
(275, 6, 'superadmin Create Data Penelitian', '2016-11-06 15:31:42', '2016-11-06 15:31:42'),
(276, 6, 'superadmin Create Data Penelitian', '2016-11-06 15:33:01', '2016-11-06 15:33:01'),
(277, 6, 'superadmin Create Data Publikasi', '2016-11-06 16:00:49', '2016-11-06 16:00:49'),
(278, 6, 'superadmin Create Data Publikasi', '2016-11-06 16:05:16', '2016-11-06 16:05:16'),
(279, 6, 'superadmin Update Data Publikasi', '2016-11-06 16:12:17', '2016-11-06 16:12:17'),
(280, 6, 'superadmin Login', '2016-11-08 03:19:45', '2016-11-08 03:19:45'),
(281, 6, 'superadmin Create Data Pendukung', '2016-11-08 03:26:43', '2016-11-08 03:26:43'),
(282, 6, 'superadmin Delete Data Pendukung', '2016-11-08 03:29:32', '2016-11-08 03:29:32'),
(283, 6, 'superadmin Delete Data Pendukung', '2016-11-08 03:29:36', '2016-11-08 03:29:36'),
(284, 6, 'superadmin Delete Data Pendukung', '2016-11-08 03:29:39', '2016-11-08 03:29:39'),
(285, 6, 'superadmin Create Data Personel', '2016-11-08 03:37:50', '2016-11-08 03:37:50'),
(286, 6, 'superadmin Create Data Pendukung', '2016-11-08 03:40:07', '2016-11-08 03:40:07'),
(287, 6, 'superadmin Create Data Penelitian', '2016-11-08 03:43:29', '2016-11-08 03:43:29'),
(288, 6, 'superadmin Login', '2016-11-08 15:01:29', '2016-11-08 15:01:29'),
(289, 6, 'superadmin Update Data Pendukung', '2016-11-08 15:09:41', '2016-11-08 15:09:41'),
(290, 6, 'superadmin Update Data Pendukung', '2016-11-08 15:10:03', '2016-11-08 15:10:03'),
(291, 6, 'superadmin Update Data Pendukung', '2016-11-08 15:13:15', '2016-11-08 15:13:15'),
(292, 6, 'superadmin Update Data Pendukung', '2016-11-08 15:22:46', '2016-11-08 15:22:46'),
(293, 6, 'superadmin Update Data Pendukung', '2016-11-08 15:25:00', '2016-11-08 15:25:00'),
(294, 6, 'superadmin Update Data Pendukung', '2016-11-08 15:26:05', '2016-11-08 15:26:05'),
(295, 6, 'superadmin Update Data Pendukung', '2016-11-08 15:27:54', '2016-11-08 15:27:54'),
(296, 6, 'superadmin Update Data Pendukung', '2016-11-08 15:41:08', '2016-11-08 15:41:08'),
(297, 6, 'superadmin Create Data Pendukung', '2016-11-08 15:44:46', '2016-11-08 15:44:46'),
(298, 6, 'superadmin Update Data Pendukung', '2016-11-08 15:45:20', '2016-11-08 15:45:20'),
(299, 6, 'superadmin Create Data Pendukung', '2016-11-08 15:45:58', '2016-11-08 15:45:58'),
(300, 6, 'superadmin Delete Data Pendukung', '2016-11-08 15:46:25', '2016-11-08 15:46:25'),
(301, 6, 'superadmin Create Data Pendukung', '2016-11-08 15:46:37', '2016-11-08 15:46:37'),
(302, 6, 'superadmin Delete Data Pendukung', '2016-11-08 15:46:48', '2016-11-08 15:46:48'),
(303, 6, 'superadmin Create Data Pendukung', '2016-11-08 15:47:08', '2016-11-08 15:47:08'),
(304, 6, 'superadmin Create Data Penelitian', '2016-11-08 15:53:48', '2016-11-08 15:53:48'),
(305, 6, 'superadmin Delete Data Penelitian', '2016-11-08 15:54:27', '2016-11-08 15:54:27'),
(306, 6, 'superadmin Update Data Penelitian', '2016-11-08 15:56:54', '2016-11-08 15:56:54'),
(307, 6, 'superadmin Create Data Publikasi', '2016-11-08 16:03:14', '2016-11-08 16:03:14'),
(308, 6, 'superadmin Delete Menu', '2016-11-08 16:06:28', '2016-11-08 16:06:28'),
(309, 6, 'superadmin Delete Menu', '2016-11-08 16:06:32', '2016-11-08 16:06:32'),
(310, 6, 'superadmin Update Menu', '2016-11-08 16:07:09', '2016-11-08 16:07:09'),
(311, 6, 'superadmin Update Menu', '2016-11-08 16:07:34', '2016-11-08 16:07:34'),
(312, 6, 'superadmin Create Data Pendukung', '2016-11-08 16:18:24', '2016-11-08 16:18:24'),
(313, 6, 'superadmin Create Data Pendukung', '2016-11-08 16:18:44', '2016-11-08 16:18:44'),
(314, 6, 'superadmin Delete Data Pendukung', '2016-11-08 16:19:29', '2016-11-08 16:19:29'),
(315, 6, 'superadmin Delete Data Pendukung', '2016-11-08 16:19:32', '2016-11-08 16:19:32'),
(316, 6, 'superadmin Delete Data Pendukung', '2016-11-08 16:19:36', '2016-11-08 16:19:36'),
(317, 6, 'superadmin Delete Data Pendukung', '2016-11-08 16:19:40', '2016-11-08 16:19:40'),
(318, 6, 'superadmin Create Data Pendukung', '2016-11-08 16:20:03', '2016-11-08 16:20:03'),
(319, 6, 'superadmin Update Data Pendukung', '2016-11-08 16:20:13', '2016-11-08 16:20:13'),
(320, 6, 'superadmin Update Data Pendukung', '2016-11-08 16:20:22', '2016-11-08 16:20:22'),
(321, 6, 'superadmin Create Data Pendukung', '2016-11-08 16:20:42', '2016-11-08 16:20:42'),
(322, 6, 'superadmin Create Data Pendukung', '2016-11-08 16:21:00', '2016-11-08 16:21:00'),
(323, 6, 'superadmin Create Data Pendukung', '2016-11-08 16:21:15', '2016-11-08 16:21:15'),
(324, 6, 'superadmin Create Data Pendukung', '2016-11-08 16:21:30', '2016-11-08 16:21:30'),
(325, 6, 'superadmin Create Data Pendukung', '2016-11-08 16:21:45', '2016-11-08 16:21:45'),
(326, 6, 'superadmin Create Data Pendukung', '2016-11-08 16:22:01', '2016-11-08 16:22:01'),
(327, 6, 'superadmin Create Data Pendukung', '2016-11-08 16:22:15', '2016-11-08 16:22:15'),
(328, 6, 'superadmin Create Data Pendukung', '2016-11-08 16:22:28', '2016-11-08 16:22:28'),
(329, 6, 'superadmin Create Data Pendukung', '2016-11-08 16:22:42', '2016-11-08 16:22:42'),
(330, 6, 'superadmin Create Data Pendukung', '2016-11-08 16:23:02', '2016-11-08 16:23:02'),
(331, 6, 'superadmin Create Data Penelitian', '2016-11-08 16:26:18', '2016-11-08 16:26:18'),
(332, 6, 'superadmin Create Data Personel', '2016-11-08 16:28:07', '2016-11-08 16:28:07'),
(333, 6, 'superadmin Update Data Publikasi', '2016-11-08 16:30:37', '2016-11-08 16:30:37'),
(334, 6, 'superadmin Update Data Publikasi', '2016-11-08 16:31:02', '2016-11-08 16:31:02'),
(335, 6, 'superadmin Create Data Publikasi', '2016-11-08 16:35:39', '2016-11-08 16:35:39'),
(336, 6, 'superadmin Login', '2016-11-24 13:53:08', '2016-11-24 13:53:08'),
(337, 6, 'superadmin  Data Penelitian', '2016-11-24 14:41:55', '2016-11-24 14:41:55'),
(338, 6, 'superadmin  Data Penelitian', '2016-11-24 14:43:15', '2016-11-24 14:43:15'),
(339, 6, 'superadmin  Data Penelitian', '2016-11-24 14:44:48', '2016-11-24 14:44:48'),
(340, 6, 'superadmin  Data Penelitian', '2016-11-24 14:46:50', '2016-11-24 14:46:50'),
(341, 6, 'superadmin  Data Penelitian', '2016-11-24 15:00:56', '2016-11-24 15:00:56'),
(342, 6, 'superadmin  Data Penelitian', '2016-11-24 15:02:52', '2016-11-24 15:02:52'),
(343, 6, 'superadmin Delete Data Penelitian', '2016-11-24 15:03:12', '2016-11-24 15:03:12'),
(344, 6, 'superadmin Delete Data Penelitian', '2016-11-24 15:03:16', '2016-11-24 15:03:16'),
(345, 6, 'superadmin Delete Data Penelitian', '2016-11-24 15:03:19', '2016-11-24 15:03:19'),
(346, 6, 'superadmin Delete Data Penelitian', '2016-11-24 15:03:22', '2016-11-24 15:03:22'),
(347, 6, 'superadmin Delete Data Penelitian', '2016-11-24 15:03:26', '2016-11-24 15:03:26'),
(348, 6, 'superadmin  Data Penelitian', '2016-11-24 15:03:40', '2016-11-24 15:03:40'),
(349, 6, 'superadmin  Data Penelitian', '2016-11-24 15:04:02', '2016-11-24 15:04:02'),
(350, 6, 'superadmin Logout', '2016-11-24 15:13:42', '2016-11-24 15:13:42'),
(351, 6, 'superadmin Login', '2016-11-25 06:55:22', '2016-11-25 06:55:22'),
(352, 6, 'superadmin Login', '2016-11-25 06:56:06', '2016-11-25 06:56:06'),
(353, 6, 'superadmin Logout', '2016-11-25 06:56:44', '2016-11-25 06:56:44'),
(354, 6, 'superadmin Login', '2016-11-25 06:57:23', '2016-11-25 06:57:23'),
(355, 6, 'superadmin Logout', '2016-11-25 06:57:26', '2016-11-25 06:57:26'),
(356, 6, 'superadmin Login', '2016-11-25 06:58:46', '2016-11-25 06:58:46'),
(357, 6, 'superadmin Create Role', '2016-11-25 07:01:12', '2016-11-25 07:01:12'),
(358, 6, 'superadmin Create Manage User', '2016-11-25 07:01:36', '2016-11-25 07:01:36'),
(359, 6, 'superadmin Logout', '2016-11-25 07:02:15', '2016-11-25 07:02:15'),
(360, 6, 'superadmin Login', '2016-11-25 08:20:11', '2016-11-25 08:20:11'),
(361, 6, 'superadmin Logout', '2016-11-25 08:20:51', '2016-11-25 08:20:51'),
(362, 6, 'superadmin Login', '2016-11-25 08:47:19', '2016-11-25 08:47:19'),
(363, 6, 'superadmin Delete Data Pendukung', '2016-11-25 08:47:58', '2016-11-25 08:47:58'),
(364, 6, 'superadmin Delete Data Pendukung', '2016-11-25 08:48:03', '2016-11-25 08:48:03'),
(365, 6, 'superadmin Delete Data Pendukung', '2016-11-25 08:48:07', '2016-11-25 08:48:07'),
(366, 6, 'superadmin Delete Data Pendukung', '2016-11-25 08:48:11', '2016-11-25 08:48:11'),
(367, 6, 'superadmin Delete Data Pendukung', '2016-11-25 08:48:42', '2016-11-25 08:48:42'),
(368, 6, 'superadmin Delete Data Pendukung', '2016-11-25 08:53:17', '2016-11-25 08:53:17'),
(369, 6, 'superadmin Delete Data Penelitian', '2016-11-25 08:54:28', '2016-11-25 08:54:28'),
(370, 6, 'superadmin Delete Data Penelitian', '2016-11-25 08:54:32', '2016-11-25 08:54:32'),
(371, 6, 'superadmin Delete Data Penelitian', '2016-11-25 08:54:34', '2016-11-25 08:54:34'),
(372, 6, 'superadmin Delete Data Penelitian', '2016-11-25 08:54:38', '2016-11-25 08:54:38'),
(373, 6, 'superadmin Update Data Penelitian', '2016-11-25 08:55:22', '2016-11-25 08:55:22'),
(374, 6, 'superadmin Logout', '2016-11-25 08:55:31', '2016-11-25 08:55:31'),
(375, 6, 'superadmin Login', '2016-11-25 09:34:20', '2016-11-25 09:34:20'),
(376, 6, 'superadmin Create Program Pendukung', '2016-11-25 09:46:24', '2016-11-25 09:46:24'),
(377, 6, 'superadmin Create Program Pendukung', '2016-11-25 09:46:45', '2016-11-25 09:46:45'),
(378, 6, 'superadmin Update Program Pendukung', '2016-11-25 09:47:35', '2016-11-25 09:47:35'),
(379, 6, 'superadmin Logout', '2016-11-25 09:47:49', '2016-11-25 09:47:49'),
(380, 6, 'superadmin Login', '2016-11-25 11:33:27', '2016-11-25 11:33:27'),
(381, 6, 'superadmin Login', '2016-11-25 14:53:12', '2016-11-25 14:53:12'),
(382, 6, 'superadmin Update Data Pendukung', '2016-11-25 14:53:28', '2016-11-25 14:53:28'),
(383, 6, 'superadmin Update Data Pendukung', '2016-11-25 14:53:36', '2016-11-25 14:53:36'),
(384, 6, 'superadmin Update Data Pendukung', '2016-11-25 14:54:05', '2016-11-25 14:54:05'),
(385, 6, 'superadmin Update Data Pendukung', '2016-11-25 14:55:55', '2016-11-25 14:55:55'),
(386, 6, 'superadmin Update Data Pendukung', '2016-11-25 14:56:03', '2016-11-25 14:56:03'),
(387, 6, 'superadmin Update Data Pendukung', '2016-11-25 14:56:28', '2016-11-25 14:56:28'),
(388, 6, 'superadmin Update Data Pendukung', '2016-11-25 14:56:51', '2016-11-25 14:56:51'),
(389, 6, 'superadmin Delete Data Pendukung', '2016-11-25 14:58:21', '2016-11-25 14:58:21'),
(390, 6, 'superadmin Delete Data Pendukung', '2016-11-25 14:58:25', '2016-11-25 14:58:25'),
(391, 6, 'superadmin Create Data Pendukung', '2016-11-25 14:58:40', '2016-11-25 14:58:40'),
(392, 6, 'superadmin Update Data Pendukung', '2016-11-25 14:58:46', '2016-11-25 14:58:46'),
(393, 6, 'superadmin Delete Data Pendukung', '2016-11-25 14:58:51', '2016-11-25 14:58:51'),
(394, 6, 'superadmin  Data Penelitian', '2016-11-25 16:04:20', '2016-11-25 16:04:20'),
(395, 6, 'superadmin  Data Personel', '2016-11-25 16:08:50', '2016-11-25 16:08:50'),
(396, 6, 'superadmin Delete Data Penelitian', '2016-11-25 16:09:10', '2016-11-25 16:09:10'),
(397, 6, 'superadmin Delete Data Penelitian', '2016-11-25 16:09:13', '2016-11-25 16:09:13'),
(398, 6, 'superadmin Delete Data Penelitian', '2016-11-25 16:09:17', '2016-11-25 16:09:17'),
(399, 6, 'superadmin Delete Data Penelitian', '2016-11-25 16:09:20', '2016-11-25 16:09:20'),
(400, 6, 'superadmin  Data Penelitian', '2016-11-25 16:09:34', '2016-11-25 16:09:34'),
(401, 6, 'superadmin  Data Personel', '2016-11-25 16:17:30', '2016-11-25 16:17:30'),
(402, 6, 'superadmin  Data Penelitian', '2016-11-25 16:21:02', '2016-11-25 16:21:02'),
(403, 6, 'superadmin  Data Personel', '2016-11-25 16:34:46', '2016-11-25 16:34:46'),
(404, 6, 'superadmin  Data Personel', '2016-11-25 16:35:33', '2016-11-25 16:35:33'),
(405, 6, 'superadmin  Data Personel', '2016-11-25 16:38:54', '2016-11-25 16:38:54'),
(406, 6, 'superadmin  Data Personel', '2016-11-25 16:39:57', '2016-11-25 16:39:57'),
(407, 6, 'superadmin  Data Personel', '2016-11-25 16:40:15', '2016-11-25 16:40:15'),
(408, 6, 'superadmin  Data Personel', '2016-11-25 16:40:56', '2016-11-25 16:40:56'),
(409, 6, 'superadmin  Data Personel', '2016-11-25 16:41:06', '2016-11-25 16:41:06'),
(410, 6, 'superadmin  Data Personel', '2016-11-25 16:41:16', '2016-11-25 16:41:16'),
(411, 6, 'superadmin  Data Penelitian', '2016-11-25 16:42:07', '2016-11-25 16:42:07'),
(412, 6, 'superadmin  Data Personel', '2016-11-25 16:45:06', '2016-11-25 16:45:06'),
(413, 6, 'superadmin  Data Penelitian', '2016-11-25 16:45:21', '2016-11-25 16:45:21'),
(414, 6, 'superadmin  Data Personel', '2016-11-25 16:48:20', '2016-11-25 16:48:20'),
(415, 6, 'superadmin  Data Penelitian', '2016-11-25 16:48:55', '2016-11-25 16:48:55'),
(416, 6, 'superadmin  Data Personel', '2016-11-25 16:51:05', '2016-11-25 16:51:05'),
(417, 6, 'superadmin  Data Pendukung', '2016-11-25 16:51:20', '2016-11-25 16:51:20'),
(418, 6, 'superadmin  Data Penelitian', '2016-11-25 16:51:30', '2016-11-25 16:51:30'),
(419, 6, 'superadmin Update Data Penelitian', '2016-11-25 16:52:24', '2016-11-25 16:52:24'),
(420, 6, 'superadmin  Data Personel', '2016-11-25 16:54:38', '2016-11-25 16:54:38'),
(421, 6, 'superadmin  Data Pendukung', '2016-11-25 16:54:54', '2016-11-25 16:54:54'),
(422, 6, 'superadmin  Data Penelitian', '2016-11-25 16:55:04', '2016-11-25 16:55:04'),
(423, 6, 'superadmin Update Data Penelitian', '2016-11-25 16:55:31', '2016-11-25 16:55:31'),
(424, 6, 'superadmin Create Data Publikasi', '2016-11-25 16:56:40', '2016-11-25 16:56:40'),
(425, 6, 'superadmin Update Data Publikasi', '2016-11-25 16:57:18', '2016-11-25 16:57:18'),
(426, 6, 'superadmin  Data Pendukung', '2016-11-25 17:08:17', '2016-11-25 17:08:17'),
(427, 6, 'superadmin  Data Pendukung', '2016-11-25 17:09:05', '2016-11-25 17:09:05'),
(428, 6, 'superadmin  Data Personel', '2016-11-25 17:10:11', '2016-11-25 17:10:11'),
(429, 6, 'superadmin  Data Penelitian', '2016-11-25 17:10:24', '2016-11-25 17:10:24'),
(430, 6, 'superadmin Login', '2016-11-26 03:00:56', '2016-11-26 03:00:56'),
(431, 6, 'superadmin Update Data Pendukung', '2016-11-26 03:01:15', '2016-11-26 03:01:15'),
(432, 6, 'superadmin Login', '2016-11-26 12:32:29', '2016-11-26 12:32:29'),
(433, 6, 'superadmin  Data Penelitian', '2016-11-26 13:40:00', '2016-11-26 13:40:00'),
(434, 6, 'superadmin  Data Penelitian', '2016-11-26 13:42:29', '2016-11-26 13:42:29'),
(435, 6, 'superadmin  Data Penelitian', '2016-11-26 13:51:08', '2016-11-26 13:51:08'),
(436, 6, 'superadmin  Data Penelitian', '2016-11-26 13:55:23', '2016-11-26 13:55:23'),
(437, 6, 'superadmin  Data Penelitian', '2016-11-26 13:55:36', '2016-11-26 13:55:36'),
(438, 6, 'superadmin Login', '2016-11-29 15:58:55', '2016-11-29 15:58:55'),
(439, 6, 'superadmin Create Data Publikasi', '2016-11-29 15:59:19', '2016-11-29 15:59:19');

--
-- Constraints for dumped tables
--

--
-- Constraints for table `article_contents`
--
ALTER TABLE `article_contents`
  ADD CONSTRAINT `article_contents_author_id_foreign` FOREIGN KEY (`author_id`) REFERENCES `users` (`id`) ON UPDATE CASCADE;

--
-- Constraints for table `article_content_repos`
--
ALTER TABLE `article_content_repos`
  ADD CONSTRAINT `article_content_repos_article_content_id_foreign` FOREIGN KEY (`article_content_id`) REFERENCES `article_contents` (`id`) ON UPDATE CASCADE;

--
-- Constraints for table `menus`
--
ALTER TABLE `menus`
  ADD CONSTRAINT `menus_parent_id_foreign` FOREIGN KEY (`parent_id`) REFERENCES `menus` (`id`) ON DELETE CASCADE ON UPDATE CASCADE;

--
-- Constraints for table `menu_actions`
--
ALTER TABLE `menu_actions`
  ADD CONSTRAINT `menu_actions_action_id_foreign` FOREIGN KEY (`action_id`) REFERENCES `actions` (`id`) ON DELETE CASCADE ON UPDATE CASCADE,
  ADD CONSTRAINT `menu_actions_menu_id_foreign` FOREIGN KEY (`menu_id`) REFERENCES `menus` (`id`) ON DELETE CASCADE ON UPDATE CASCADE;

--
-- Constraints for table `publications`
--
ALTER TABLE `publications`
  ADD CONSTRAINT `publications_article_content_id_foreign` FOREIGN KEY (`article_content_id`) REFERENCES `article_contents` (`id`) ON UPDATE CASCADE;

--
-- Constraints for table `researcher_areas`
--
ALTER TABLE `researcher_areas`
  ADD CONSTRAINT `researcher_areas_interest_group_id_foreign` FOREIGN KEY (`interest_group_id`) REFERENCES `interest_groups` (`id`) ON UPDATE CASCADE,
  ADD CONSTRAINT `researcher_areas_researcher_id_foreign` FOREIGN KEY (`researcher_id`) REFERENCES `researchers` (`id`) ON UPDATE CASCADE;

--
-- Constraints for table `researcher_teams`
--
ALTER TABLE `researcher_teams`
  ADD CONSTRAINT `researcher_teams_researcher_id_foreign` FOREIGN KEY (`researcher_id`) REFERENCES `researchers` (`id`) ON UPDATE CASCADE;

--
-- Constraints for table `researcher_workshops`
--
ALTER TABLE `researcher_workshops`
  ADD CONSTRAINT `researcher_workshops_researcher_id_foreign` FOREIGN KEY (`researcher_id`) REFERENCES `researchers` (`id`) ON UPDATE CASCADE;

--
-- Constraints for table `researches`
--
ALTER TABLE `researches`
  ADD CONSTRAINT `researches_article_content_id_foreign` FOREIGN KEY (`article_content_id`) REFERENCES `article_contents` (`id`) ON UPDATE CASCADE;

--
-- Constraints for table `research_datas`
--
ALTER TABLE `research_datas`
  ADD CONSTRAINT `research_datas_additional_data_id_foreign` FOREIGN KEY (`additional_data_id`) REFERENCES `additional_datas` (`id`) ON UPDATE CASCADE;

--
-- Constraints for table `research_locations`
--
ALTER TABLE `research_locations`
  ADD CONSTRAINT `research_locations_research_id_foreign` FOREIGN KEY (`research_id`) REFERENCES `researches` (`id`) ON UPDATE CASCADE;

--
-- Constraints for table `rights`
--
ALTER TABLE `rights`
  ADD CONSTRAINT `rights_menu_action_id_foreign` FOREIGN KEY (`menu_action_id`) REFERENCES `menu_actions` (`id`) ON DELETE CASCADE ON UPDATE CASCADE,
  ADD CONSTRAINT `rights_role_id_foreign` FOREIGN KEY (`role_id`) REFERENCES `roles` (`id`) ON DELETE CASCADE ON UPDATE CASCADE;

--
-- Constraints for table `users`
--
ALTER TABLE `users`
  ADD CONSTRAINT `users_role_id_foreign` FOREIGN KEY (`role_id`) REFERENCES `roles` (`id`) ON DELETE CASCADE ON UPDATE CASCADE;

--
-- Constraints for table `user_activities`
--
ALTER TABLE `user_activities`
  ADD CONSTRAINT `user_activities_user_id_foreign` FOREIGN KEY (`user_id`) REFERENCES `users` (`id`) ON DELETE CASCADE ON UPDATE CASCADE;

/*!40101 SET CHARACTER_SET_CLIENT=@OLD_CHARACTER_SET_CLIENT */;
/*!40101 SET CHARACTER_SET_RESULTS=@OLD_CHARACTER_SET_RESULTS */;
/*!40101 SET COLLATION_CONNECTION=@OLD_COLLATION_CONNECTION */;
